OrderID,CustomerID,ProductID,Product,Category,Region,OrderDate,Quantity,Price,Discount,PaymentMethod,Revenue
10000,1102,349,Tablet,Electronics,North,2024-06-02,4,1020.5551086060543,0.2225419425738516,Card,3173.7551689327793
10001,1179,302,Phone,Accessories,North,2024-03-01,3,1255.7821925701562,0.22701147303344085,UPI,2912.115681676923
10002,1092,393,Tablet,Accessories,South,2024-07-12,1,267.9504026017547,0.20007161600526308,Card,214.34113254396078
10003,1014,365,Tablet,Accessories,West,2024-07-18,1,105.95776481029407,0.07020845259206238,Cash,98.51863410284965
10004,1106,302,Monitor,Accessories,North,2023-07-06,3,1324.3776615736356,0.1764258737564093,UPI,3272.1695263411107
10005,1071,289,Tablet,Electronics,West,2024-07-03,2,506.6531798154521,0.1712068984730544,Cash,839.8213205954758
10006,1188,373,Phone,Accessories,East,2024-03-28,3,237.01941649438965,0.14527985943291763,Card,607.7558069496378
10007,1020,321,Monitor,Accessories,East,2024-04-15,1,729.2687937762755,0.16499369591515925,Card,608.9440401755378
10008,1102,342,Laptop,Accessories,North,2024-07-18,3,917.5438097592272,0.14753718978710043,Cash,2346.515923682403
10009,1121,305,Laptop,Accessories,West,2023-08-12,2,94.90737496263968,0.16963690982223245,Cash,157.61516230927515
10010,1074,318,Monitor,Accessories,North,2023-06-03,1,448.59870447277723,0.2146517863863386,Card,352.3061911870984
10011,1087,371,Phone,Accessories,East,2024-07-13,2,97.55981770149921,0.03288845832103192,Cash,188.70245140643198
10012,1116,248,Laptop,Accessories,North,2023-12-17,3,659.4863143334735,0.2248877256447071,Card,1533.527811027625
10013,1099,303,Laptop,Electronics,West,2023-05-27,4,1347.8950421460543,0.04076584503827826,Cash,5171.787846920259
10014,1103,260,Tablet,Accessories,East,2024-07-29,3,1474.8459966656753,0.019988399523112408,Card,4336.098556947777
10015,1151,394,Tablet,Accessories,South,2023-12-15,2,973.71895258026,0.29282390586644025,Card,1377.1815313390582
10016,1130,322,Phone,Accessories,East,2023-07-01,3,284.3746559876581,0.2870975306611324,UPI,608.1941834129774
10017,1149,333,Monitor,Accessories,South,2024-09-28,4,1363.4816154989933,0.018130963482169214,Card,5355.041520479088
10018,1052,208,Phone,Electronics,North,2023-06-28,2,798.5593436400877,0.13297603244248865,Card,1384.740180905902
10019,1001,205,Monitor,Electronics,North,2023-02-08,3,272.93650254923125,0.05587348148993242,UPI,773.0597697783596
10020,1087,272,Laptop,Electronics,West,2023-01-03,2,1386.503670704909,0.14560346914032543,UPI,2369.247852548958
10021,1157,302,Tablet,Electronics,South,2023-03-05,2,1148.3301235484994,0.24905317289987622,Cash,1724.6697254844776
10022,1037,359,Phone,Electronics,North,2023-01-29,1,1110.9726454485697,0.2851835324228671,Cash,794.141541994369
10023,1129,240,Phone,Electronics,South,2024-01-07,1,1078.3120205018868,0.19027579603546121,Card,873.1353424262837
10024,1191,313,Monitor,Accessories,North,2024-06-06,2,340.4927405898414,0.10617170016354512,Cash,608.684094856146
10025,1187,207,Monitor,Electronics,East,2023-04-07,3,355.95970297591276,0.18099766969337952,Cash,874.5954786975751
10026,1020,271,Phone,Electronics,North,2024-03-17,3,1048.0248477195196,0.0936003918325351,Card,2849.787933968219
10027,1160,377,Monitor,Accessories,West,2023-07-22,3,368.5979876600755,0.2729470922496181,UPI,803.9707161575918
10028,1057,291,Phone,Electronics,East,2024-02-15,4,686.0739603644208,0.26112013893175107,UPI,2027.7049300664264
10029,1021,261,Phone,Accessories,West,2023-01-21,2,1183.902647111215,0.16746952508389829,Card,1971.2700661078597
10030,1088,283,Phone,Accessories,East,2024-07-04,2,1186.7311512418694,0.09743967461410816,Card,2142.192908020871
10031,1048,261,Laptop,Electronics,South,2023-04-12,4,707.2295701624964,0.0880169026748935,Card,2579.9256556667888
10032,1058,310,Monitor,Accessories,West,2023-02-15,2,1198.6754104991053,0.010025398411517839,Card,2373.3164238855243
10033,1169,326,Tablet,Electronics,North,2023-03-07,2,1266.0016044871822,0.24474625530758856,Card,1912.3049051510911
10034,1187,206,Tablet,Electronics,South,2024-08-25,4,999.4248393621774,0.13511496391170238,Card,3457.550353037191
10035,1014,283,Monitor,Accessories,North,2023-06-13,1,381.2174858472092,0.09753987852007932,Cash,344.0335785879424
10036,1189,331,Phone,Accessories,East,2023-04-21,2,447.3170815590439,0.14133310649932615,Cash,768.1927376641836
10037,1189,333,Tablet,Electronics,East,2023-12-04,4,506.5196753426663,0.24562139713639558,Cash,1528.4304200317083
10038,1174,257,Tablet,Accessories,North,2023-05-03,3,219.3659562142304,0.037384262312256354,UPI,633.4953652942161
10039,1189,221,Monitor,Accessories,North,2024-12-05,1,446.08144953642045,0.25729679647254816,Card,331.30612160486885
10040,1050,353,Tablet,Electronics,South,2024-03-22,3,353.8028752531716,0.2692526505325062,Card,775.6215399757006
10041,1107,326,Phone,Electronics,North,2024-09-02,2,710.2266872224732,0.2840123745101664,Cash,1017.0270386878586
10042,1054,202,Monitor,Accessories,West,2023-10-18,1,1367.234444414784,0.11924639772678833,UPI,1204.1966620703342
10043,1063,326,Phone,Electronics,West,2024-11-01,4,201.4964592932392,0.06514212121130156,Cash,753.4822100732437
10044,1130,240,Tablet,Electronics,North,2024-02-16,2,1094.3884897237235,0.11209224554000954,Card,1943.4320528349035
10045,1050,387,Tablet,Electronics,West,2024-09-06,4,1046.5603563990353,0.09987362886942099,Card,3768.1463030983564
10046,1134,305,Phone,Electronics,North,2023-10-08,1,188.84358806186862,0.05284617375085802,Cash,178.86392699541565
10047,1020,213,Laptop,Electronics,South,2023-02-12,3,1387.72998711341,0.18218000103044638,Cash,3404.740009893323
10048,1072,211,Tablet,Electronics,West,2024-04-30,2,874.2846931273884,0.14298724815258865,Card,1498.5462615103454
10049,1166,286,Laptop,Electronics,West,2024-08-18,2,577.4020056467422,0.2597102976972011,Cash,854.8895177385315
10050,1017,211,Tablet,Accessories,North,2024-12-03,4,1146.9809460681947,0.009632874144617476,Card,4543.728891873782
10051,1131,340,Laptop,Electronics,West,2023-02-20,1,423.1799146823694,0.1931603782665379,Cash,341.43832228752166
10052,1088,224,Laptop,Accessories,East,2023-07-29,4,1055.5892637171646,0.22888466355346831,UPI,3255.9242809624325
10053,1059,244,Laptop,Accessories,South,2023-05-06,1,107.58125097975847,0.2278459707564921,Card,83.06929641507757
10054,1013,321,Phone,Accessories,South,2024-05-06,2,1267.1416545334444,0.26582219012865754,UPI,1860.614569444227
10055,1008,346,Laptop,Electronics,West,2024-05-23,1,699.8477281809118,0.21871012284884822,Cash,546.7839455749772
10056,1089,254,Laptop,Electronics,West,2024-08-03,2,973.2047258190155,0.27834301849430887,UPI,1404.6399696432488
10057,1052,299,Laptop,Accessories,East,2023-09-15,1,370.7948387196913,0.09979697994626743,Cash,333.7906336358028
10058,1129,372,Tablet,Electronics,East,2023-07-07,3,1031.7568833547496,0.1509628250254629,UPI,2627.999848512149
10059,1083,335,Laptop,Accessories,West,2023-08-18,1,1169.7484000452512,0.004223898984867203,UPI,1164.80750096575
10060,1091,318,Tablet,Electronics,West,2023-07-08,3,736.1591209823781,0.002087276190987364,UPI,2203.86766072912
10061,1110,252,Laptop,Electronics,East,2024-02-19,1,945.7040398896017,0.07203798613545596,Card,877.5774253757899
10062,1187,382,Laptop,Accessories,North,2023-01-10,1,711.6725895424779,0.030242159141725577,UPI,690.1500738327303
10063,1198,231,Phone,Accessories,East,2023-04-24,4,1346.432485423876,0.07806341038072608,Cash,4965.301495057164
10064,1171,250,Tablet,Accessories,North,2023-03-17,4,771.9103117457628,0.05311298835851922,Cash,2923.6473933767566
10065,1007,243,Laptop,Electronics,South,2024-11-06,2,1270.6226280917874,0.008556007451594471,Card,2519.5023428353393
10066,1174,281,Tablet,Accessories,South,2024-05-16,4,1211.9604844918604,0.2727912439218148,Card,3525.393105372962
10067,1034,397,Tablet,Electronics,East,2023-03-26,1,645.231990955117,0.0024669394166674575,Cash,643.640242723735
10068,1080,345,Monitor,Electronics,North,2023-02-18,4,383.6225131933388,0.2208246433011256,UPI,1195.6368342205537
10069,1163,349,Phone,Electronics,East,2024-05-09,1,638.8190922116679,0.04564436607585496,Cash,609.6605997105132
10070,1049,236,Phone,Accessories,East,2024-11-19,3,1248.0151948740693,0.27366888659988,Card,2719.416798099451
10071,1103,295,Phone,Accessories,North,2024-01-22,1,380.0671769381189,0.26783878187696575,Card,278.27044723559595
10072,1131,255,Monitor,Accessories,East,2024-01-24,2,810.4327014937365,0.1961703439107772,Cash,1302.89967945034
10073,1001,304,Monitor,Electronics,South,2023-08-06,3,1218.840284543084,0.20167024494018154,UPI,2919.1093974489595
10074,1133,258,Phone,Electronics,West,2024-12-01,2,562.5423389361492,0.001601742590906563,UPI,1123.282581825374
10075,1053,330,Monitor,Accessories,West,2023-12-12,2,981.2039736539112,0.2954614698340806,Card,1382.5920107821723
10076,1105,355,Monitor,Electronics,East,2023-08-18,2,406.1657823707811,0.2633497810727443,Cash,598.4042250083919
10077,1003,234,Monitor,Electronics,North,2023-09-12,4,208.4551957838319,0.2685318677190276,Cash,609.9133308970559
10078,1053,388,Phone,Accessories,North,2023-08-24,2,1201.8571263846418,0.1977733611152616,Card,1928.323605838443
10079,1190,292,Phone,Accessories,South,2023-01-26,3,193.5045039426249,0.10343607859636096,Cash,520.4674705921972
10080,1145,381,Phone,Accessories,North,2024-08-06,1,443.50302286539767,0.26809459472714425,Card,324.6022596900355
10081,1043,390,Monitor,Electronics,North,2023-09-18,2,1289.908661896288,0.0874550784453577,UPI,2354.1991973656036
10082,1161,296,Phone,Electronics,South,2023-09-28,3,552.3804662640674,0.16881346300266084,UPI,1377.3936205770171
10083,1189,334,Monitor,Electronics,East,2023-05-03,2,1460.9157567955335,0.029919291703164718,Cash,2834.4123842284366
10084,1013,275,Laptop,Electronics,West,2024-10-17,1,1470.6147854220967,0.27658668903982503,UPI,1063.8623110691863
10085,1094,248,Monitor,Electronics,South,2023-09-14,3,439.0002296576572,0.042231137331364,UPI,1261.3822520114531
10086,1047,293,Tablet,Accessories,East,2024-10-17,3,109.41842226234115,0.06746904171912217,Card,306.1081984976482
10087,1014,358,Phone,Electronics,South,2024-02-25,1,1072.3417620977998,0.1674402474384645,Card,892.7885921135452
10088,1199,385,Phone,Electronics,East,2023-09-16,3,703.9304288400984,0.22922790006389446,Cash,1627.7098045380178
10089,1189,388,Tablet,Electronics,South,2023-02-16,1,196.0916237413856,0.18580539178088967,Card,159.65674276716663
10090,1039,223,Monitor,Accessories,East,2024-06-08,3,1075.9080875181621,0.06964017384004685,Cash,3002.9449838024548
10091,1081,347,Laptop,Accessories,South,2023-07-27,3,95.20361821228578,0.00028291275824710027,Cash,285.5300516821867
10092,1110,236,Tablet,Accessories,East,2023-11-07,1,1311.7852012137512,0.22714517409223176,Card,1013.8195233124404
10093,1052,203,Tablet,Electronics,South,2023-05-29,1,251.0461672142904,0.2955621977733281,UPI,176.8464102898643
10094,1023,307,Monitor,Accessories,West,2024-03-13,3,234.60222418275126,0.2429739360918271,UPI,532.799995071513
10095,1153,325,Phone,Accessories,West,2023-06-04,3,304.7248320544476,0.1380619854469846,UPI,787.9617501780349
10096,1187,219,Monitor,Accessories,North,2024-11-08,1,1442.3862198134964,0.27113017841973197,UPI,1051.3117866853004
10097,1123,387,Tablet,Electronics,East,2023-03-31,4,1055.0955723680768,0.122954301935505,Cash,3701.468131169271
10098,1040,351,Tablet,Accessories,South,2024-11-28,1,1211.9887264222732,0.15748022527304026,UPI,1021.1244687569084
10099,1156,249,Phone,Electronics,East,2023-12-24,3,626.5707293124918,0.14313893021870497,Cash,1610.6521962370439
10100,1014,376,Phone,Electronics,West,2023-06-23,3,537.6534548821855,0.13428716179965747,Card,1396.36049518283
10101,1044,378,Phone,Accessories,East,2023-08-05,3,390.0018098355964,0.2325572307881717,Card,897.912206813565
10102,1064,295,Monitor,Electronics,South,2024-03-31,1,746.939641052993,0.1580306721808476,Cash,628.9002674988675
10103,1088,304,Phone,Accessories,East,2024-08-31,3,850.1516636245443,0.09501513660756482,UPI,2308.1231615043293
10104,1070,363,Tablet,Electronics,South,2024-09-20,4,966.0735232964953,0.07744745029754349,Cash,3565.0143684688687
10105,1008,316,Tablet,Accessories,West,2023-07-18,2,422.82183079810704,0.011324195090230015,UPI,836.0674277954821
10106,1087,297,Laptop,Accessories,West,2024-04-30,4,1425.5484173093364,0.1749585485649138,UPI,4704.54614123154
10107,1128,265,Monitor,Accessories,West,2024-06-16,1,296.149822400347,0.06898842462031025,Cash,275.71891270136234
10108,1135,278,Laptop,Electronics,North,2023-07-19,3,1450.1971034112978,0.04444017660491493,Cash,4157.250264071291
10109,1062,361,Tablet,Accessories,West,2024-01-06,1,71.5413776358805,0.19614898914830328,UPI,57.508608730325506
10110,1138,363,Laptop,Electronics,East,2024-03-23,2,747.6322531344262,0.20436277734646466,Cash,1189.6880989001595
10111,1080,205,Tablet,Accessories,North,2023-09-05,1,533.383365269016,0.2256464676772998,UPI,413.0272929782316
10112,1135,238,Laptop,Electronics,West,2023-09-21,3,701.2289501988637,0.15107306890157743,Cash,1785.87642206907
10113,1162,369,Phone,Electronics,East,2023-02-27,2,877.4636395221441,0.26821638156116595,Card,1284.2270343560467
10114,1162,314,Laptop,Accessories,East,2023-10-29,2,681.604279118428,0.2809028260194683,UPI,980.2794217741982
10115,1032,385,Phone,Accessories,East,2023-01-31,3,651.5279329373127,0.24221128193774683,Card,1481.1615512469475
10116,1122,324,Phone,Accessories,South,2024-05-12,3,1112.4489523492946,0.19067804460245616,Cash,2700.9880841858403
10117,1004,211,Monitor,Accessories,North,2023-09-06,3,1044.5205988753737,0.0911162860773566,Card,2848.04328352366
10118,1040,330,Phone,Accessories,East,2024-08-27,1,1258.2433589519794,0.29488347648606633,Cash,887.2081829987142
10119,1027,217,Phone,Electronics,South,2023-09-28,4,412.44052279726856,0.0822408501575815,UPI,1514.0842542519351
10120,1134,239,Laptop,Accessories,West,2024-08-28,1,933.8163391433922,0.06079707659712932,Cash,877.0430356448405
10121,1071,220,Tablet,Accessories,East,2024-10-27,1,898.5324388196381,0.13264623413597482,Cash,779.3454945611999
10122,1011,342,Monitor,Electronics,South,2024-01-29,4,586.1198257653987,0.01705217121371654,UPI,2304.5008405787735
10123,1161,298,Phone,Accessories,East,2024-05-16,3,754.7834357588873,0.29354833940153724,Cash,1599.6540347522373
10124,1032,225,Monitor,Accessories,North,2024-08-14,3,504.9841077933067,0.17653006692492743,UPI,1247.5176883455883
10125,1047,207,Laptop,Electronics,North,2023-03-25,4,255.67437654462853,0.16708562749925257,Cash,851.8194516167563
10126,1150,299,Phone,Accessories,West,2023-12-31,4,360.0117554609626,0.19673888396991596,UPI,1156.73377790209
10127,1061,286,Laptop,Accessories,East,2024-07-02,1,202.99478728174157,0.149107094333162,Card,172.72682438538277
10128,1036,241,Monitor,Accessories,South,2023-12-08,2,1040.45088402568,0.009619055128362475,Cash,2060.8854592277667
10129,1098,371,Laptop,Electronics,West,2024-02-11,4,1008.0547200082697,0.183693386652119,Cash,3291.526938237188
10130,1171,213,Monitor,Accessories,East,2024-02-29,1,1428.3792387908156,0.2148521630869292,Cash,1121.4888696281475
10131,1103,277,Laptop,Electronics,West,2023-04-03,2,1108.0336997885,0.12502471818721594,UPI,1939.004197461009
10132,1034,201,Monitor,Accessories,South,2024-09-05,3,125.4664661963906,0.22718867162135786,Cash,290.8857192246199
10133,1192,318,Tablet,Electronics,West,2024-02-16,3,1332.1555021969837,0.06810038980152618,UPI,3724.305579663364
10134,1100,236,Laptop,Accessories,West,2024-03-07,1,1300.8789862713024,0.06638297731985521,Cash,1214.5227660297783
10135,1174,268,Laptop,Electronics,West,2024-11-08,1,692.814465120413,0.04842509630627218,Card,659.2648579245786
10136,1130,365,Tablet,Electronics,East,2023-06-08,4,899.5014232654862,0.11159842793674855,Cash,3196.4739140087604
10137,1000,240,Tablet,Electronics,South,2023-01-14,3,1465.3135820851523,0.25410361061672504,Card,3278.9163305747647
10138,1004,261,Laptop,Electronics,North,2024-01-08,1,821.841327579841,0.2483736186447193,UPI,617.7176230970558
10139,1141,259,Tablet,Electronics,East,2023-08-13,3,1362.7166511453302,0.11484726238905113,Card,3618.6371230479403
10140,1102,324,Phone,Electronics,North,2024-05-19,3,170.40619882477034,0.17673562079407096,Cash,420.86806046495
10141,1026,310,Monitor,Accessories,North,2023-03-14,4,327.02520962759013,0.21624489494247467,Cash,1025.2307101125245
10142,1136,213,Monitor,Accessories,East,2023-09-06,2,689.0946679899108,0.0723620323884069,UPI,1278.4607546122927
10143,1014,283,Monitor,Electronics,East,2024-05-25,4,897.8973720890918,0.05044232576842412,Cash,3410.421361358248
10144,1089,329,Phone,Electronics,South,2024-08-25,1,1233.5303852010604,0.2916287979636933,Cash,873.7974017131836
10145,1041,269,Tablet,Electronics,South,2023-08-04,4,1482.980066957621,0.18526719396288555,UPI,4832.930044997961
10146,1123,344,Tablet,Electronics,West,2024-08-24,4,613.8346698874689,0.29442471655009916,UPI,1732.4262847889086
10147,1178,322,Laptop,Accessories,North,2024-06-24,3,118.75267240312314,0.10132679613966873,Card,320.15953372647306
10148,1062,288,Tablet,Electronics,South,2023-08-08,4,1211.698679778221,0.21090950999223945,UPI,3824.5596198718117
10149,1095,227,Laptop,Accessories,West,2024-12-27,1,926.3520426700718,0.06678109096237131,Cash,864.4892426453433
10150,1051,265,Phone,Accessories,South,2023-08-09,2,337.88714535889244,0.07836005138217388,UPI,622.8205825743872
10151,1095,362,Monitor,Electronics,East,2024-01-24,4,767.5012621010592,0.1535706363808872,Cash,2598.542419428262
10152,1131,204,Monitor,Electronics,South,2024-07-07,4,1126.3498560239004,0.09588543765242137,Card,4073.3972285172276
10153,1150,392,Monitor,Accessories,North,2024-10-08,2,1167.0970912495334,0.050286469152175335,UPI,2216.81579874564
10154,1142,367,Tablet,Accessories,South,2023-02-11,1,774.446697398205,0.0788642105967978,Cash,713.3705699585984
10155,1170,383,Laptop,Electronics,North,2024-11-06,1,492.5610686868457,0.010724518339759391,UPI,487.27858847226213
10156,1028,363,Laptop,Electronics,East,2023-10-10,4,1461.9267439558155,0.21132708644324597,UPI,4611.928098248687
10157,1035,244,Phone,Electronics,North,2023-02-27,3,1011.8757858869146,0.14763499712575848,UPI,2587.462521437626
10158,1012,350,Tablet,Accessories,South,2024-06-20,4,641.9444030521331,0.028272919921357685,UPI,2495.1790414027055
10159,1159,246,Phone,Accessories,West,2023-03-14,2,456.671675096746,0.05150819793854736,Card,866.2986801258697
10160,1070,230,Laptop,Electronics,East,2023-05-09,2,1110.099325355165,0.030760361433793203,Cash,2151.9045377596603
10161,1186,338,Laptop,Accessories,South,2024-08-21,2,401.16599611096314,0.18377784248276294,UPI,654.8811497364837
10162,1085,209,Monitor,Accessories,East,2024-03-01,4,298.97948401184783,0.02826310908374814,Cash,1162.117576965673
10163,1027,394,Tablet,Electronics,East,2024-10-26,4,818.2591389950019,0.22628469991056482,Card,2532.398461113763
10164,1065,317,Laptop,Electronics,South,2024-11-24,1,470.4817193340057,0.006153275796117352,Cash,467.58671555791204
10165,1169,213,Monitor,Accessories,South,2023-05-05,3,961.9124601392418,0.07481273639876763,Cash,2669.847470460464
10166,1044,279,Tablet,Accessories,West,2023-03-08,4,221.01107856763855,0.26720000276757216,Card,647.8276710508056
10167,1061,292,Phone,Electronics,East,2023-01-06,1,999.6646016226163,0.2155593954366738,UPI,784.1775044574017
10168,1184,209,Tablet,Electronics,East,2024-09-28,4,460.7799655966682,0.021890499877706315,Cash,1802.7730472644994
10169,1133,275,Tablet,Electronics,South,2023-11-10,1,50.35225493004346,0.24633783134555393,Cash,37.94858964721807
10170,1027,293,Laptop,Electronics,North,2023-11-22,1,234.05728362755573,0.14791053646206143,UPI,199.4377452433511
10171,1027,304,Laptop,Electronics,South,2024-07-18,3,1403.7422978608863,0.2540349081506488,UPI,3141.428256469846
10172,1107,200,Tablet,Accessories,East,2024-07-31,4,1307.6642267172688,0.18022193233511802,Cash,4287.977811731099
10173,1043,332,Laptop,Accessories,South,2024-05-20,1,388.7330964525434,0.2045499096098576,Card,309.2177767108156
10174,1083,219,Laptop,Accessories,West,2023-03-23,2,1178.6392615909622,0.29805046811871244,UPI,1654.6905558613648
10175,1029,207,Laptop,Accessories,North,2024-08-21,2,932.4288101022627,0.06970066377720545,UPI,1734.8758062262903
10176,1189,370,Monitor,Electronics,South,2023-01-02,2,1457.8118316023108,0.1871836724284165,Card,2369.866518506788
10177,1074,200,Monitor,Electronics,West,2023-07-23,3,591.7282063243857,0.1380964170172195,Cash,1530.0379835488861
10178,1127,256,Tablet,Electronics,East,2024-10-23,1,1038.1178881498984,0.01183558587680743,UPI,1025.8311547344504
10179,1091,263,Laptop,Accessories,South,2024-02-08,3,142.12679751468193,0.00434119245085951,Cash,424.5293932027391
10180,1189,317,Monitor,Accessories,East,2023-04-13,4,624.5586528837886,0.0357685733453576,Cash,2408.876323598548
10181,1128,227,Tablet,Accessories,West,2024-06-19,4,1447.5356087228618,0.19472752216156444,Cash,4662.642345582508
10182,1120,320,Laptop,Electronics,East,2024-01-03,1,831.5222679526748,0.17014892637401766,Card,690.0396468044389
10183,1026,306,Phone,Accessories,West,2023-07-31,2,467.42527983552463,0.16602886834911823,Cash,779.6383791733251
10184,1189,364,Laptop,Electronics,West,2024-07-30,1,224.39289653647995,0.009557028758478026,Cash,222.2483671710826
10185,1120,374,Laptop,Electronics,West,2023-07-28,1,1070.1160932632192,0.14079089890800212,UPI,919.4534865567712
10186,1115,364,Monitor,Electronics,South,2023-04-27,1,985.0412629731038,0.27738684535275854,UPI,711.8037744946974
10187,1002,248,Tablet,Electronics,East,2024-09-19,3,592.2111347254732,0.11927756079319397,Card,1564.7209053025479
10188,1102,319,Tablet,Electronics,East,2024-04-22,4,1428.8649602054597,0.1874767409365369,Card,4643.944056910903
10189,1197,243,Monitor,Electronics,North,2023-04-15,1,82.19407883238296,0.23394560268694306,UPI,62.96513552264302
10190,1199,255,Laptop,Accessories,North,2024-05-09,1,490.3995848661474,0.23517758374256625,UPI,375.0685954289693
10191,1154,355,Phone,Electronics,North,2023-02-15,1,1385.550755134393,0.1557840247185814,Card,1169.7040820476875
10192,1136,310,Laptop,Electronics,North,2023-11-27,3,515.3563855631885,0.2573855836207009,Cash,1148.133244477057
10193,1061,333,Laptop,Accessories,East,2023-08-04,3,415.7666090899971,0.11741342800912408,Card,1100.8500787950331
10194,1164,307,Phone,Electronics,West,2024-05-06,3,824.6195944003086,0.2666079644354395,Cash,1814.308328710994
10195,1050,388,Monitor,Accessories,West,2024-03-24,1,1244.51253738478,0.07206814991866359,UPI,1154.8228212648771
10196,1171,347,Tablet,Accessories,South,2024-06-19,2,199.56280327362353,0.08406492209717131,UPI,365.5731435258665
10197,1151,313,Monitor,Accessories,West,2024-05-25,2,1417.3800289863175,0.015936187259700328,UPI,2789.584790852464
10198,1058,277,Monitor,Electronics,East,2024-04-02,2,1202.8556777126878,0.23867455096268486,Cash,1831.529277923392
10199,1117,329,Laptop,Electronics,East,2024-06-30,4,312.8128705497503,0.12511657086981168,Card,1094.699187450493
10200,1159,236,Tablet,Accessories,East,2024-06-19,1,1082.411543737336,0.06873498417341971,Cash,1008.0120034094233
10201,1095,219,Tablet,Electronics,South,2024-06-23,2,608.1901478244579,0.06953708328497389,Card,1131.796757724176
10202,1179,225,Monitor,Electronics,North,2024-04-28,2,633.3272832106621,0.27041998236876996,Card,924.1258609023478
10203,1112,228,Phone,Accessories,West,2023-01-16,2,1185.7706340363563,0.2501749801383111,Card,1778.2409784354368
10204,1061,200,Monitor,Accessories,East,2024-07-24,1,1446.0379715720617,0.16605926560715498,UPI,1205.909967972745
10205,1185,318,Phone,Electronics,East,2023-08-31,2,233.6510156284312,0.18483324012471633,Card,380.92908270279503
10206,1051,234,Tablet,Accessories,North,2023-07-26,2,659.9138434742881,0.1422976711650873,UPI,1132.01928075659
10207,1011,397,Monitor,Accessories,East,2023-09-28,1,747.3653317222402,0.11749996286364266,Card,659.549932999303
10208,1038,258,Laptop,Accessories,West,2024-12-05,4,595.6521345847465,0.27464306436549946,Card,1728.2416281861633
10209,1129,268,Monitor,Electronics,South,2024-12-30,3,576.6242293885263,0.03768381105609062,UPI,1664.6844926336555
10210,1130,360,Tablet,Electronics,East,2023-04-25,2,125.78956796431498,0.1255340369148684,UPI,219.99739139195464
10211,1112,378,Laptop,Electronics,West,2024-08-02,3,1044.0309998158036,0.1033685723963626,Cash,2808.3330174818907
10212,1100,211,Laptop,Accessories,East,2023-10-26,4,682.5109048240658,0.1494452160753445,Card,2322.0516607154177
10213,1112,219,Phone,Electronics,North,2024-04-27,4,332.4510138336938,0.13728956236355253,UPI,1147.2358385485866
10214,1183,380,Laptop,Accessories,East,2024-02-01,2,1233.248578337999,0.1556668594953244,Cash,2082.5452903420983
10215,1080,242,Laptop,Electronics,East,2024-01-29,1,1213.7130848198606,0.041975693168098224,Cash,1162.766636777356
10216,1186,325,Monitor,Electronics,South,2023-03-16,4,755.267860728896,0.1539424504539831,UPI,2556.0003019966084
10217,1112,249,Tablet,Accessories,North,2024-04-26,3,482.7534586642528,0.07272564416616326,Card,1342.9347072283551
10218,1001,228,Phone,Electronics,North,2023-04-13,3,975.2344524048559,0.055299404696457374,Cash,2763.9137032421754
10219,1129,384,Monitor,Accessories,South,2023-10-24,3,467.82059687723444,0.019450265635857365,Card,1376.1640859941406
10220,1053,238,Laptop,Electronics,East,2023-06-27,3,392.21149896938243,0.22879576762684226,Card,907.4255039718245
10221,1086,383,Laptop,Electronics,West,2023-08-03,4,1109.2462483381737,0.128232576256968,Cash,3868.0189768415726
10222,1128,370,Phone,Accessories,North,2023-11-11,2,108.47159759537851,0.1879931049935275,UPI,176.15937031962972
10223,1146,377,Tablet,Accessories,North,2023-02-08,2,187.41428300016125,0.218278002991423,Card,293.0117351496333
10224,1125,350,Phone,Accessories,East,2023-09-16,3,59.842852334205176,0.20379499959406605,UPI,142.94153480114423
10225,1129,371,Monitor,Electronics,East,2024-12-16,2,271.76762038936795,0.14115021572690467,Cash,466.8151242876423
10226,1052,237,Phone,Electronics,North,2023-01-07,3,150.03551263016624,0.11636955868551895,Card,397.7278387147146
10227,1171,283,Laptop,Electronics,East,2023-02-18,3,1493.913433280882,0.1127879728921991,UPI,3976.2538963941174
10228,1159,350,Monitor,Accessories,West,2024-06-21,1,468.7744564334299,0.1920146390790169,UPI,378.7628983719025
10229,1197,327,Laptop,Accessories,North,2023-06-10,4,266.43861837040856,0.148438306482562,Card,907.5556843118059
10230,1159,325,Tablet,Accessories,West,2023-06-25,4,399.444574094081,0.25473967439655315,UPI,1190.76077339954
10231,1067,244,Laptop,Electronics,West,2024-08-13,3,1407.3820787331952,0.26241059529801364,UPI,3114.210328923185
10232,1182,251,Laptop,Electronics,East,2023-01-02,4,804.2323233853738,0.05116811340195554,Cash,3052.3250906434914
10233,1183,279,Phone,Accessories,West,2024-03-30,2,578.9862396463925,0.04087009546371769,Cash,1110.646033519731
10234,1122,377,Laptop,Electronics,East,2024-10-05,3,1316.417613968368,0.18912027781079985,UPI,3202.36904729892
10235,1144,323,Monitor,Accessories,South,2023-10-03,1,622.7358922960971,0.09036772441868382,UPI,566.4606667954602
10236,1037,318,Monitor,Electronics,East,2024-05-12,2,535.7624264386588,0.005571215629529658,Card,1065.555156869538
10237,1023,207,Tablet,Electronics,West,2024-09-20,1,350.55965769711656,0.26659280080888653,Cash,257.10297670103773
10238,1068,284,Monitor,Accessories,South,2024-11-06,1,597.8053946686466,0.06807023017314247,Card,557.1126438548056
10239,1115,328,Phone,Electronics,East,2023-01-28,4,509.1923162245427,0.27878419550574274,UPI,1468.9501839527113
10240,1097,207,Tablet,Electronics,West,2023-11-29,4,1032.0907409823044,0.2152303352634761,Card,3239.814019113414
10241,1197,356,Monitor,Accessories,North,2023-01-01,3,469.8949217725543,0.22879604697344527,UPI,1087.1544635342927
10242,1138,295,Phone,Accessories,North,2023-07-07,4,886.9396323127141,0.060438448737948125,Cash,3333.3375072461104
10243,1143,301,Monitor,Electronics,East,2023-02-25,1,145.54363929636042,0.07025832768504388,Cash,135.3179865942029
10244,1096,204,Monitor,Accessories,East,2024-06-30,1,327.36927720994584,0.15638032614721972,UPI,276.1751628692749
10245,1123,285,Laptop,Electronics,North,2023-04-22,2,640.7376438364557,0.051629955794958646,Cash,1215.3127752180271
10246,1186,374,Monitor,Accessories,West,2023-11-06,1,1408.5764181676084,0.09162950780490968,UPI,1279.5092542653078
10247,1069,233,Monitor,Electronics,West,2023-02-05,3,597.0153792877584,0.09643874338434134,Card,1618.3198989843631
10248,1092,392,Phone,Electronics,West,2024-03-14,3,1012.9074757397594,0.04788897997582923,UPI,2893.2011097500713
10249,1002,254,Phone,Accessories,East,2024-12-29,4,419.8764725110273,0.06155485001854822,Card,1576.124156877176
10250,1147,318,Laptop,Electronics,South,2024-08-14,4,234.198685161186,0.23656555260247697,UPI,715.181375149026
10251,1186,370,Monitor,Electronics,South,2024-08-17,4,134.87807011607268,0.05015875636418051,Cash,512.4510154329989
10252,1163,357,Laptop,Accessories,South,2024-07-30,3,492.84957288698945,0.008537217553176745,UPI,1465.926026586789
10253,1146,313,Monitor,Accessories,South,2023-11-21,1,278.60848885551655,0.18880648278868153,UPI,226.0053999996369
10254,1089,344,Tablet,Electronics,South,2024-10-01,4,302.3151496233801,0.29279493581773497,UPI,855.1952191706943
10255,1194,225,Tablet,Accessories,East,2023-11-03,2,1153.1009971610777,0.09936414438693641,Cash,2077.0482063728878
10256,1146,335,Laptop,Accessories,East,2024-06-17,4,72.96520287006761,0.035596710958875684,UPI,281.47152653378436
10257,1147,246,Laptop,Electronics,South,2024-12-28,3,858.82468231638,0.17111619761025923,Cash,2135.5976047936865
10258,1095,312,Laptop,Electronics,East,2024-09-10,4,600.2190018605239,0.27190626332869383,UPI,1748.062783543002
10259,1198,275,Phone,Accessories,East,2023-04-19,1,784.4974998673935,0.23521853394854364,Card,599.9691480622873
10260,1051,271,Phone,Accessories,South,2024-01-07,4,866.1038439611742,0.1867547605238148,UPI,2817.419311973799
10261,1160,288,Phone,Accessories,West,2023-12-23,3,504.38315696305335,0.09451694898227982,Card,1370.1311995465655
10262,1167,245,Laptop,Electronics,East,2023-06-30,3,477.90784726721364,0.16256405198286597,Cash,1200.6516334231403
10263,1127,395,Monitor,Electronics,West,2023-12-22,2,1113.4326815356133,0.027373452391276608,Cash,2165.908370073413
10264,1038,232,Tablet,Electronics,East,2024-11-06,3,1313.351632775678,0.20368362728420097,UPI,3137.5302249368997
10265,1081,200,Laptop,Electronics,East,2023-03-09,2,329.2433670648654,0.21752880566929525,Cash,515.2469013054158
10266,1103,346,Phone,Electronics,South,2023-10-19,1,191.54720277596599,0.2895094868729756,UPI,136.09247038834226
10267,1128,230,Phone,Electronics,East,2024-11-22,3,1351.8039192684375,0.0781192076235215,Cash,3738.6062046984493
10268,1010,341,Laptop,Electronics,North,2023-06-30,4,557.348422288728,0.0055369257129067925,Card,2217.049701913238
10269,1184,252,Laptop,Accessories,North,2024-04-10,1,849.4102164610805,0.16368253932814517,Cash,710.3765952994614
10270,1177,247,Phone,Accessories,South,2024-03-09,4,571.337559554005,0.21203715131904433,Card,1800.7710839383958
10271,1150,268,Monitor,Electronics,West,2024-04-08,4,232.4133877017744,0.23712224276489638,UPI,709.2120158453691
10272,1158,304,Phone,Electronics,West,2024-11-11,4,904.5308851742057,0.05812167990744318,UPI,3407.832122398857
10273,1041,289,Phone,Electronics,West,2024-06-17,1,811.454235065963,0.07852586071110709,UPI,747.7340928297352
10274,1098,389,Laptop,Accessories,North,2023-03-07,1,344.340660827236,0.1537772775801889,Card,291.38889144506044
10275,1006,393,Monitor,Electronics,West,2023-01-21,3,705.2101147458029,0.09918024299100055,UPI,1905.8016126168084
10276,1143,391,Phone,Accessories,West,2024-09-03,4,1205.5738808226865,0.2581534459762335,UPI,3577.4033164374755
10277,1089,397,Phone,Accessories,South,2024-01-19,2,906.1178495064424,0.1421280461216161,Card,1554.6661800003424
10278,1111,262,Tablet,Accessories,West,2024-09-06,3,190.53012424714254,0.23987359323060087,Cash,434.48093617592286
10279,1059,272,Laptop,Accessories,North,2024-07-12,1,844.6311709822459,0.17418592814470613,UPI,697.5083065247534
10280,1112,360,Tablet,Accessories,North,2023-02-08,2,1068.970533969901,0.23192704248513357,Cash,1642.0947190450156
10281,1001,368,Tablet,Electronics,North,2023-10-12,1,1199.4199383820894,0.09980189595909715,Cash,1079.7155544804134
10282,1128,288,Phone,Electronics,South,2024-08-24,2,962.2204890196869,0.24942498657909334,UPI,1444.4373129196456
10283,1047,375,Laptop,Accessories,South,2024-08-19,3,271.3543385841364,0.08237169466530647,UPI,747.0072655805332
10284,1139,212,Monitor,Electronics,East,2023-12-02,2,1079.751236555733,0.16382964240098724,Card,1805.7119551775668
10285,1196,272,Phone,Accessories,West,2023-07-07,3,1032.1456768181988,0.06420213395216226,Card,2897.639165450915
10286,1036,276,Monitor,Accessories,South,2024-11-01,1,85.41898026391817,0.142657956487858,UPI,73.23328309419092
10287,1159,358,Monitor,Electronics,North,2023-08-31,2,647.0341180058526,0.09545256285261094,Cash,1170.5461063782307
10288,1008,267,Laptop,Electronics,North,2023-03-14,4,532.7778580954413,0.08001102919116428,Card,1960.5990133558437
10289,1098,297,Tablet,Electronics,South,2024-04-23,4,1020.647493167783,0.2900955054084112,Card,2898.248971173788
10290,1146,324,Laptop,Electronics,South,2024-07-14,1,363.396927850835,0.04802223164601919,UPI,345.9457964021305
10291,1047,301,Monitor,Electronics,South,2023-04-11,2,906.7642883126748,0.23619775123721856,UPI,1385.1772050220084
10292,1130,331,Phone,Accessories,East,2024-05-28,4,1374.1486446305498,0.29524948784496446,UPI,3873.727844322111
10293,1147,301,Monitor,Electronics,North,2023-06-25,3,1206.8134397024812,0.0059704451220233485,UPI,3598.8246788646516
10294,1151,218,Phone,Electronics,East,2023-08-26,2,1386.113717513969,0.2097082242126285,Card,2190.868542514699
10295,1053,397,Phone,Electronics,East,2023-02-28,2,1468.8336520524006,0.07587354166688613,Card,2714.7760815033566
10296,1119,281,Laptop,Accessories,West,2023-04-09,4,65.47168415893601,0.012146347298491332,Card,258.7057693796978
10297,1160,340,Monitor,Electronics,North,2024-05-09,3,952.9748507473424,0.12086687368698923,Cash,2513.375279505558
10298,1151,222,Tablet,Accessories,North,2024-05-28,3,648.6171267504143,0.2805653430512625,Card,1399.9129202242805
10299,1115,282,Monitor,Electronics,South,2023-10-24,3,1296.7890109859266,0.0035295283100993057,Card,3876.6358723782782
10300,1074,308,Monitor,Electronics,South,2023-07-30,2,415.13131791324093,0.1763657075789345,UPI,683.8327785825933
10301,1112,274,Tablet,Accessories,West,2023-05-03,1,1472.4927592168603,0.15041894357859728,Card,1251.0019539483264
10302,1199,328,Laptop,Electronics,East,2023-08-17,2,939.8765558384335,0.26201524931131426,Card,1387.229131477134
10303,1163,287,Monitor,Electronics,South,2024-08-16,2,1200.6292332318048,0.025200514356187698,Card,2340.7455180065763
10304,1165,253,Monitor,Accessories,South,2024-10-17,4,174.11935159301407,0.2044578089659951,UPI,554.0771618709067
10305,1103,398,Phone,Electronics,North,2024-01-23,1,316.0139329003543,0.20403290952998318,Card,251.5366907186821
10306,1083,288,Monitor,Accessories,North,2023-05-20,3,1149.6853258995945,0.20072400505868496,Card,2756.7476481834856
10307,1111,342,Tablet,Accessories,South,2024-06-24,4,81.88045695701923,0.28270034848051107,Cash,234.93129296610564
10308,1098,264,Phone,Accessories,North,2024-01-26,2,1234.473079545985,0.2469262587020641,Cash,1859.2985210905588
10309,1152,275,Laptop,Accessories,West,2023-09-27,1,70.2260771032716,0.012591817873051803,Cash,69.34180313044833
10310,1092,398,Phone,Accessories,South,2023-01-12,3,1002.8223166388464,0.14132485521135393,Cash,2583.295793811441
10311,1145,342,Tablet,Electronics,North,2024-01-24,3,579.3861843361185,0.11938591686040004,UPI,1530.6469005087067
10312,1127,348,Tablet,Electronics,West,2023-12-03,2,936.6675364428387,0.09304416632724062,Cash,1699.032172777449
10313,1109,346,Phone,Electronics,North,2024-05-20,3,1059.245540134215,0.13540101754622919,Card,2747.467848506211
10314,1081,259,Laptop,Accessories,North,2023-04-16,3,546.589067820141,0.11525825547779323,Cash,1450.7704961998752
10315,1193,292,Phone,Accessories,North,2023-02-01,1,206.54554976071154,0.1297001699635996,UPI,179.75655685152213
10316,1053,360,Laptop,Accessories,South,2023-03-15,4,150.9865082349852,0.29377855968259275,Cash,426.51963725682924
10317,1162,248,Phone,Accessories,East,2023-06-20,1,903.9572327156944,0.026589892424874226,Cash,879.9211071410972
10318,1188,234,Tablet,Electronics,North,2023-03-10,4,804.9502629144617,0.2766692609516189,UPI,2328.981074284425
10319,1168,371,Monitor,Electronics,West,2023-12-28,4,1126.191463225642,0.144071014041308,UPI,3855.7596684562377
10320,1160,301,Monitor,Accessories,South,2024-10-10,4,789.1164895057088,0.18712267364986235,UPI,2565.819608672828
10321,1067,210,Laptop,Accessories,South,2024-03-08,3,662.5463955447747,0.24905488998530814,UPI,1492.6079276766252
10322,1032,298,Laptop,Electronics,West,2023-04-10,1,627.2264084425348,0.10813890874477666,UPI,559.3988290976536
10323,1141,399,Laptop,Accessories,North,2024-10-19,3,88.34800876661782,0.12912657242639006,UPI,230.81979964166345
10324,1020,309,Tablet,Accessories,East,2023-01-09,2,536.5579424601528,0.12285554408361418,Card,941.2776490136524
10325,1047,273,Phone,Accessories,North,2024-07-27,1,1465.2292284105167,0.11241930676072795,Cash,1300.50917430705
10326,1147,393,Tablet,Electronics,West,2024-11-27,4,1316.6555855292788,0.2776587964940685,Cash,3804.298321016105
10327,1127,373,Monitor,Electronics,South,2023-01-29,3,527.5981971996157,0.24867896735790362,UPI,1189.186867020371
10328,1135,208,Laptop,Accessories,East,2023-04-24,3,902.3033373462397,0.03269999695889283,UPI,2618.3940628770565
10329,1134,202,Phone,Electronics,South,2024-04-06,1,1278.5802810264663,0.032437005743128806,Card,1237.1069651077596
10330,1194,284,Monitor,Accessories,West,2023-05-23,1,689.8477882875995,0.12836085445589734,Card,601.2983367384923
10331,1144,225,Monitor,Accessories,North,2024-01-25,4,76.03890243771889,0.029597213019842715,UPI,295.1534513778987
10332,1127,271,Monitor,Electronics,East,2024-09-23,4,158.0401696370281,0.18572792858133588,Card,514.7507851907998
10333,1032,247,Tablet,Accessories,South,2024-11-12,2,790.0694459556246,0.04310748217852017,Card,1512.0230827885982
10334,1175,393,Laptop,Accessories,South,2023-06-06,4,1455.6870947300235,0.15671197919004032,UPI,4910.253956133927
10335,1186,397,Monitor,Electronics,South,2023-12-01,3,1055.1538362173583,0.002165984101115326,UPI,3158.605169351642
10336,1114,355,Laptop,Accessories,North,2023-09-17,2,152.82847758592584,0.09497890452379401,UPI,276.6259924095508
10337,1118,316,Tablet,Accessories,East,2023-03-23,2,324.57326989820103,0.20315721710179663,UPI,517.2677352801044
10338,1021,353,Monitor,Accessories,North,2024-03-16,2,1168.4185576644325,0.14521168206835453,Cash,1997.501067092199
10339,1157,352,Tablet,Electronics,North,2023-06-21,1,1270.087651936555,0.2934808457996964,Cash,897.3412536064643
10340,1037,211,Tablet,Accessories,North,2023-08-19,4,945.6571499734567,0.2622311388198632,UPI,2790.705594411084
10341,1108,332,Laptop,Electronics,West,2024-12-20,2,984.4135959632341,0.10772123371294536,Card,1756.742697844555
10342,1050,247,Monitor,Accessories,West,2023-03-16,1,91.08930305590773,0.01364596244168238,UPI,89.8463018475678
10343,1181,236,Tablet,Accessories,West,2023-09-27,1,1251.3688763931873,0.25368789003450565,Cash,933.9117464861495
10344,1007,243,Monitor,Accessories,East,2024-09-17,2,1192.999051847703,0.2733702930944014,Card,1733.7371027655067
10345,1026,214,Laptop,Accessories,North,2023-03-03,2,425.6009589498534,0.24618821802571103,Cash,641.6460345519105
10346,1026,242,Tablet,Electronics,North,2023-11-16,3,1077.581243949985,0.03838498227592946,UPI,3108.6549210002727
10347,1020,375,Laptop,Electronics,West,2023-04-12,2,361.5391793162472,0.2993745403236863,Cash,506.60710739888583
10348,1029,286,Monitor,Accessories,North,2024-03-04,3,108.47873352469384,0.07757526646583214,Cash,300.1904005969192
10349,1096,269,Monitor,Accessories,North,2024-12-22,2,341.64798675604703,0.21726147384251102,Cash,534.8420832362032
10350,1027,245,Laptop,Accessories,South,2023-09-12,2,309.01187129373426,0.27241046290071647,Card,449.66760878558296
10351,1110,307,Phone,Accessories,North,2024-06-15,4,539.7345952655285,0.07070613429921283,Cash,2006.288193947011
10352,1191,322,Tablet,Accessories,South,2024-07-23,2,656.7517709044142,0.2724775664031198,Card,955.6032932748803
10353,1196,370,Monitor,Accessories,North,2023-04-22,2,787.3813926716765,0.09284447375846008,UPI,1428.5547632437426
10354,1060,220,Monitor,Accessories,East,2023-11-09,3,741.2931194870758,0.2929239667152168,UPI,1572.4517952846734
10355,1047,350,Tablet,Accessories,West,2024-04-05,3,442.4781786496696,0.08437800611414238,Cash,1215.4282565585795
10356,1146,306,Laptop,Electronics,South,2024-12-08,4,92.29746943240798,0.2860307474273505,Card,263.59022106001316
10357,1003,279,Laptop,Electronics,West,2024-04-06,2,927.3973522438685,0.016063395267802472,UPI,1825.0004040089236
10358,1034,246,Laptop,Electronics,South,2023-04-02,2,623.8300032786639,0.2127816035009439,Card,982.1809097380614
10359,1191,316,Phone,Accessories,South,2023-02-21,3,483.0746282119471,0.15963334015110112,Card,1217.8794353046678
10360,1048,323,Phone,Accessories,South,2024-06-03,1,1307.0645121042428,0.14336312313681918,Cash,1119.6796615076757
10361,1016,342,Monitor,Accessories,East,2023-04-08,1,1132.7777963073318,0.06704829427675199,Cash,1056.8269772703472
10362,1171,224,Laptop,Electronics,North,2023-08-24,1,1293.7600451400413,0.2116787369329476,Card,1019.8985528904841
10363,1157,235,Tablet,Accessories,South,2024-01-09,3,767.7250523330684,0.05724284743389213,Card,2171.334852873569
10364,1045,250,Monitor,Electronics,East,2024-08-03,3,239.85031558382735,0.16585253879543047,Cash,600.2115954400932
10365,1116,214,Tablet,Accessories,South,2024-07-10,1,1059.521082375845,0.07597360891207523,Card,979.0254420293239
10366,1005,267,Monitor,Electronics,North,2024-10-10,1,348.8069809089041,0.2866864139344068,Cash,248.8087583968433
10367,1098,220,Phone,Electronics,South,2023-08-22,2,689.7830201829894,0.008589358150695846,Card,1367.7164535527381
10368,1123,340,Monitor,Electronics,East,2023-02-01,3,144.25114397588834,0.05991848403337097,Cash,406.82350232632075
10369,1036,218,Phone,Accessories,North,2023-10-16,3,1246.6971835133245,0.07269318191623432,Card,3468.2123950732002
10370,1023,233,Monitor,Electronics,East,2024-09-29,1,232.61392951887584,0.12422034773034492,Cash,203.7185463071191
10371,1092,277,Laptop,Accessories,North,2024-08-01,1,1359.491385221499,0.06981907256101606,Card,1264.572957550643
10372,1045,324,Tablet,Accessories,North,2024-06-25,4,1303.134373279258,0.14740472708063557,UPI,4444.184826546535
10373,1180,395,Laptop,Accessories,West,2023-04-24,3,723.6450084369068,0.2617396569775617,UPI,1602.7152364653184
10374,1094,316,Monitor,Accessories,West,2023-07-23,4,1129.3338962407865,0.21361902642275124,Card,3552.3467552784696
10375,1098,251,Monitor,Accessories,West,2023-01-29,2,948.1953570363222,0.1739885941605333,UPI,1566.4403597520552
10376,1187,226,Monitor,Electronics,North,2024-10-04,4,1214.4596813897301,0.026700953394803894,Card,4728.129800148298
10377,1115,356,Phone,Accessories,South,2024-04-18,1,676.1173961395725,0.20819763251678267,Card,535.3513549599018
10378,1190,355,Tablet,Accessories,East,2024-11-27,3,1189.4223021543075,0.04992428529328195,UPI,3390.123731422091
10379,1159,234,Tablet,Accessories,East,2023-09-10,3,720.5623847444646,0.23591021578850938,Card,1651.7230712109451
10380,1160,335,Monitor,Accessories,East,2024-01-21,4,1414.400392372051,0.07501702755304596,Cash,5233.185116665752
10381,1066,343,Monitor,Accessories,West,2023-03-03,4,755.2395461964641,0.12511461849627026,Card,2642.9921540031887
10382,1127,305,Phone,Electronics,North,2024-05-29,2,720.7979443039078,0.10514106069537837,Card,1290.0249677854933
10383,1017,363,Laptop,Electronics,West,2024-03-05,2,1188.3541992670935,0.257644174402457,UPI,1764.3633253984606
10384,1024,357,Laptop,Accessories,South,2024-08-02,1,1241.287653053215,0.03796333761402244,Cash,1194.1642308042383
10385,1053,345,Tablet,Electronics,North,2024-06-20,1,854.0092157656976,0.1696934647154366,Card,709.0894330435035
10386,1057,201,Phone,Electronics,East,2024-11-21,1,310.7068295678593,0.04261848283291867,Card,297.4649758858509
10387,1066,376,Monitor,Accessories,West,2023-05-21,4,728.2494348884903,0.211438750839656,Card,2297.0771363039303
10388,1103,276,Tablet,Electronics,West,2023-10-27,4,1453.7051292190336,0.27152343833834436,Card,4235.960456813577
10389,1173,331,Phone,Accessories,South,2024-11-05,3,1141.8299799068184,0.13038229616017602,Card,2978.8666959061193
10390,1023,289,Laptop,Electronics,South,2023-11-07,1,1226.1857756247416,0.14642767807949275,Card,1046.638239605909
10391,1113,288,Phone,Electronics,West,2024-04-15,4,97.59697328789818,0.2782268509448287,Cash,281.77149899303885
10392,1031,293,Laptop,Electronics,South,2024-01-28,3,728.3962208195319,0.15629741659480714,Cash,1843.6493197440554
10393,1174,206,Phone,Accessories,East,2024-10-03,1,987.6006438034552,0.14627953141486827,Card,843.1348844028636
10394,1085,294,Tablet,Electronics,South,2024-03-20,2,1253.5473912607083,0.17349873081129125,Card,2072.117019730341
10395,1150,307,Laptop,Electronics,South,2023-06-21,2,121.44679769501863,0.20676892090888557,UPI,192.67074877555982
10396,1193,273,Tablet,Accessories,West,2024-07-29,4,1286.036384180716,0.03206501252610942,Cash,4979.198445651716
10397,1126,238,Tablet,Accessories,West,2023-01-31,3,845.181358275772,0.2463331583224548,Cash,1910.9554948093164
10398,1154,340,Laptop,Electronics,North,2023-02-16,2,336.1052573352869,0.13065150823597776,Card,584.3851970767805
10399,1129,358,Laptop,Accessories,North,2023-05-10,3,510.020063852065,0.02170455296924566,Cash,1496.8509190824293
10400,1016,270,Monitor,Electronics,West,2023-12-18,3,458.7978500397631,0.2358548007594639,Cash,1051.7645235892933
10401,1103,390,Monitor,Electronics,South,2024-09-13,2,819.7455997182899,0.11308499150588162,UPI,1454.0893510743265
10402,1160,255,Monitor,Accessories,South,2024-08-03,3,124.94423587114115,0.03011024852851618,UPI,363.5464016305666
10403,1136,369,Tablet,Accessories,North,2023-02-27,2,279.8774298248891,0.19013371186297515,Cash,453.32659045122716
10404,1042,388,Tablet,Accessories,North,2023-04-16,4,1228.4049128948845,0.2640394060300925,Cash,3616.2304373186867
10405,1175,241,Monitor,Electronics,North,2023-11-26,1,242.27578658287604,0.2663260528241959,Cash,177.75143264738136
10406,1038,383,Tablet,Accessories,East,2024-11-13,1,388.4245907142841,0.28729904244269194,Card,276.8305777408757
10407,1169,235,Tablet,Electronics,East,2024-01-18,4,707.3873781260281,0.2603116379300064,UPI,2092.984844300116
10408,1025,283,Laptop,Accessories,North,2023-06-11,2,799.8252877643291,0.0006422758036425669,Card,1598.6231586697131
10409,1098,395,Laptop,Electronics,South,2023-10-13,2,1157.23519544053,0.11407234992401706,UPI,2050.453314563699
10410,1049,317,Tablet,Accessories,North,2023-03-12,2,698.6320186659723,0.2455627739716509,UPI,1054.1480043538838
10411,1152,206,Monitor,Electronics,East,2024-03-29,2,1195.3037005015312,0.10987590179954226,UPI,2127.937256969191
10412,1151,253,Phone,Accessories,South,2024-07-20,4,946.6021452159133,0.18046455191391184,Cash,3103.096052955103
10413,1012,328,Monitor,Electronics,East,2024-02-01,1,213.99462216454256,0.1818950842123596,UPI,175.070052344931
10414,1059,371,Phone,Accessories,South,2024-05-29,3,276.68058566961594,0.10950759121164691,Card,739.1458835937257
10415,1134,319,Monitor,Accessories,East,2023-01-26,3,683.6989019021677,0.2713421781843863,UPI,1494.5476579132815
10416,1056,372,Laptop,Electronics,South,2023-11-09,1,625.4896199791074,0.15096850361583528,Card,531.0603880236241
10417,1035,305,Tablet,Accessories,South,2023-05-06,4,1128.139190974077,0.13943526178125024,UPI,3883.3472302196756
10418,1172,246,Tablet,Electronics,South,2024-02-12,3,892.0688527061602,0.29925412369856874,UPI,1875.340709732372
10419,1019,322,Laptop,Electronics,South,2024-07-18,1,612.7929674532614,0.148050109221785,Cash,522.0689016914644
10420,1064,340,Phone,Accessories,West,2023-07-17,4,297.60241100305916,0.05351947557857432,Card,1126.6995441410245
10421,1007,318,Phone,Electronics,East,2023-07-07,3,378.91379837196797,0.1539208268590314,UPI,961.7732196547751
10422,1143,349,Phone,Accessories,East,2024-11-28,2,884.4764767801355,0.244205020655979,UPI,1336.96576099663
10423,1141,317,Laptop,Accessories,West,2024-12-16,2,663.9862671046991,0.2330580980694844,Card,1018.4777810980426
10424,1114,220,Phone,Electronics,South,2024-04-28,4,796.6448878479745,0.2365745295325413,UPI,2432.7159932033433
10425,1142,336,Laptop,Accessories,South,2024-03-25,2,297.48228118823886,0.21240713519937351,Cash,468.5898441369411
10426,1091,225,Monitor,Electronics,East,2024-06-06,4,1011.2140658996204,0.07626534872000647,Card,3736.373890132841
10427,1097,208,Monitor,Electronics,West,2023-12-20,1,1286.1811742411521,0.2586252257520694,Cash,953.5422776949725
10428,1065,214,Laptop,Accessories,South,2024-10-19,1,424.01228484100585,0.2680330396128795,Card,310.362983301869
10429,1031,209,Tablet,Accessories,South,2024-08-19,3,762.6956274561485,0.058245808985564716,Card,2154.8154108756366
10430,1190,321,Monitor,Electronics,South,2023-04-10,4,1464.5146270803075,0.03913669096541817,Card,5628.793482823723
10431,1085,320,Phone,Electronics,North,2024-09-07,3,533.2005237985551,0.2926814905767336,UPI,1131.4277991506965
10432,1050,324,Laptop,Accessories,West,2024-07-11,3,912.8172001394537,0.2604971890951104,Card,2025.0926560363714
10433,1152,369,Phone,Accessories,South,2024-07-09,1,180.78376529035432,0.267970844162984,Card,132.3389870945353
10434,1185,271,Phone,Accessories,North,2023-10-05,3,928.7217535951926,0.26591291538731854,Card,2045.287933539216
10435,1062,351,Tablet,Accessories,West,2024-11-23,2,179.96607129169598,0.1625060472101185,Cash,301.44099282829615
10436,1189,248,Phone,Electronics,South,2024-11-29,3,1440.891381219542,0.19392052099973991,Card,3484.4189216082405
10437,1124,353,Tablet,Accessories,East,2024-09-17,4,1087.7108455048515,0.1636088556400925,UPI,3639.006875217941
10438,1149,290,Monitor,Electronics,North,2024-05-05,2,1192.8316927967744,0.01536190475709872,Card,2349.015051881563
10439,1057,236,Laptop,Electronics,North,2023-09-12,1,1070.9513231188735,0.2236509256058318,Card,831.4320684245472
10440,1057,267,Phone,Accessories,South,2024-01-16,4,905.1071023108753,0.15159961000076408,Cash,3071.5728743665
10441,1085,249,Laptop,Electronics,South,2024-06-25,2,702.3735325739827,0.19431272243706893,UPI,1131.7868385835818
10442,1048,351,Phone,Accessories,North,2023-09-21,4,1294.6414006535406,0.1507919414926606,UPI,4397.679641248863
10443,1179,218,Laptop,Electronics,East,2024-09-01,2,1437.4117179374414,0.14754339669673677,UPI,2450.662221242519
10444,1169,299,Phone,Accessories,East,2023-11-25,4,773.6024507109179,0.051536732843330046,Card,2934.9340315267355
10445,1069,259,Phone,Electronics,West,2023-04-25,4,1400.7258212751299,0.08361411454234469,Card,5134.421488050445
10446,1014,366,Phone,Electronics,South,2023-10-03,2,895.8327194833504,0.047655807583186736,UPI,1706.2821755538578
10447,1053,288,Phone,Accessories,East,2024-05-02,1,830.6570709998281,0.05869988868760273,UPI,781.897593394568
10448,1187,345,Phone,Accessories,West,2023-10-08,1,708.9999627852671,0.2918932141260915,Cash,502.04768483259625
10449,1100,346,Phone,Electronics,East,2023-10-02,4,353.4672542186738,0.04593403373165953,UPI,1348.9243097614249
10450,1007,363,Phone,Electronics,South,2024-12-19,4,55.39350818618583,0.0807811272915623,Card,203.6750326010854
10451,1052,382,Phone,Accessories,West,2023-11-24,1,400.18402894128883,0.1771768973215755,Card,329.2806643358237
10452,1059,268,Phone,Electronics,West,2023-07-30,1,789.0985988251695,0.18305357287099255,Card,644.6512809627282
10453,1107,374,Laptop,Accessories,West,2024-12-27,3,600.9419307766412,0.04619223892314872,Cash,1719.549232593805
10454,1004,248,Tablet,Electronics,East,2024-07-05,1,700.303580603819,0.23811522773556368,UPI,533.5506340243099
10455,1102,307,Phone,Accessories,South,2023-01-26,4,1471.9399183678718,0.2355608603738475,Card,4500.8339391141
10456,1195,360,Tablet,Electronics,West,2023-01-27,2,557.8949374705251,0.07119531126116732,Cash,1036.350867492563
10457,1005,318,Phone,Accessories,North,2024-12-02,1,705.6652620721565,0.08659989080263814,Cash,644.5547274334926
10458,1108,348,Phone,Accessories,South,2023-03-24,3,243.59754946158836,0.2813963596378491,Card,525.1502574791896
10459,1115,349,Laptop,Electronics,North,2024-11-12,3,119.53871203363208,0.2477014337938434,Cash,269.78640500709616
10460,1093,375,Monitor,Accessories,North,2024-02-17,3,1174.3437961591171,0.20933910991875715,Cash,2785.5231333976594
10461,1046,236,Monitor,Electronics,West,2023-06-16,2,877.490603854369,0.024669966453180158,Card,1711.685880188602
10462,1098,342,Laptop,Accessories,West,2024-11-30,1,1153.0219687636477,0.1254792242707727,Cash,1008.341666556026
10463,1054,362,Tablet,Accessories,East,2023-06-18,1,267.30105838549986,0.1677905616230481,Card,222.45046367656167
10464,1167,398,Monitor,Accessories,East,2023-08-17,1,879.1517182149018,0.05622338639513308,Card,829.7228314617602
10465,1051,359,Laptop,Electronics,East,2024-08-31,2,417.78158779499455,0.13446797463246735,Cash,723.2066876909306
10466,1143,210,Laptop,Accessories,South,2024-01-02,2,380.6896345050289,0.180307763246607,Card,624.0966760325176
10467,1012,337,Monitor,Electronics,East,2024-06-11,4,66.71272037682863,0.09821300403461976,Card,240.6426548051948
10468,1113,277,Tablet,Accessories,North,2024-10-08,3,238.99404917515423,0.23428344568514614,UPI,549.0050995084615
10469,1123,276,Laptop,Electronics,East,2024-06-21,3,498.43876167455824,0.2521348744916416,Card,1118.2949011739227
10470,1105,384,Phone,Electronics,West,2024-06-07,1,219.4742028568616,0.09708284083022123,UPI,198.16702375456921
10471,1157,352,Tablet,Electronics,East,2023-03-13,2,1479.4947385958594,0.2515971463477371,UPI,2214.5161686572997
10472,1146,201,Tablet,Accessories,South,2024-10-06,2,497.51734035972845,0.031072969830904504,UPI,964.1159981047575
10473,1144,263,Monitor,Electronics,South,2023-04-16,1,238.96972271837583,0.2513187295867969,UPI,178.9121555950845
10474,1119,234,Monitor,Accessories,North,2024-11-19,1,338.6693536005387,0.04582512950028498,Cash,323.14978661401625
10475,1062,206,Phone,Electronics,South,2023-10-09,4,902.1696810951408,0.024878145752917812,Cash,3518.90148909997
10476,1018,284,Laptop,Electronics,East,2023-05-13,3,142.86310960394334,0.19253262133230337,Card,346.0719018606359
10477,1091,345,Monitor,Electronics,West,2024-06-17,3,1300.5294887046775,0.1415812097265883,Card,3349.196851226304
10478,1057,266,Monitor,Electronics,South,2023-09-26,3,1444.1745348938637,0.2723671801238498,Card,3152.4863676544487
10479,1182,241,Tablet,Accessories,North,2024-02-16,4,407.7837599677023,0.10895675882725477,Cash,1453.4118527169207
10480,1089,317,Monitor,Electronics,East,2024-11-03,1,702.6381394567461,0.0861456790312886,UPI,642.1088998199635
10481,1116,324,Monitor,Electronics,North,2024-09-10,1,82.09495399277075,0.1502204718432595,Cash,69.76261126802605
10482,1061,366,Monitor,Accessories,South,2023-01-18,3,979.0298258544711,0.1367838557305984,Cash,2535.343054196521
10483,1022,368,Monitor,Electronics,South,2023-04-27,3,650.1927841762539,0.10332841386515647,Card,1749.0281852422547
10484,1126,223,Tablet,Electronics,North,2023-05-24,4,441.5847758472558,0.20812238960949855,Card,1398.7243883310005
10485,1136,387,Phone,Electronics,East,2024-12-17,2,349.9138103940823,0.22786855017417249,Card,540.3589154673249
10486,1139,245,Phone,Electronics,South,2024-07-04,2,998.3334626052026,0.255895190709041,UPI,1485.7294616012541
10487,1128,218,Laptop,Accessories,West,2024-10-27,3,653.514694996856,0.29185698141310285,UPI,1388.3456064179068
10488,1057,267,Monitor,Accessories,South,2024-11-18,4,310.5059690933724,0.07999685763975134,Cash,1142.6658691500675
10489,1121,301,Tablet,Electronics,East,2024-02-26,3,1049.2081681558948,0.21482804474698844,UPI,2471.4264865751834
10490,1000,241,Laptop,Accessories,South,2024-01-04,2,869.3548104032058,0.11827747064872357,Card,1533.0594446648279
10491,1033,231,Laptop,Accessories,North,2024-10-07,3,1295.0744796477695,0.20312459158533241,UPI,3096.0390146901887
10492,1095,366,Phone,Electronics,South,2024-07-11,2,220.34005337091472,0.1427945071047661,UPI,377.75340810875423
10493,1125,308,Tablet,Accessories,South,2023-02-19,2,1189.2165728194614,0.2981319308303795,UPI,1669.3462795786174
10494,1117,235,Tablet,Electronics,East,2024-11-08,2,1026.5993408850254,0.21867064073722497,UPI,1604.224410466568
10495,1047,296,Tablet,Accessories,North,2023-04-16,1,216.76585840074185,0.2857473901302973,Card,154.82558009337626
10496,1088,363,Phone,Accessories,East,2023-08-04,1,1057.4900583139952,0.25049086484435573,Card,792.5984590426143
10497,1116,330,Phone,Accessories,South,2024-10-19,3,690.2435688757541,0.2708703033490113,Cash,1509.8312519690232
10498,1128,272,Phone,Electronics,West,2024-02-29,2,1420.2279390559725,0.24432575916440247,Cash,2146.4593393192545
10499,1015,335,Phone,Accessories,South,2023-03-13,1,255.336458395954,0.1377477391127734,Cash,220.1644385388486
10500,1188,296,Phone,Electronics,East,2024-03-21,3,982.1084166828201,0.0755365360040653,UPI,2723.770046718488
10501,1191,322,Monitor,Electronics,West,2023-07-05,3,603.8710659212717,0.11109605263515666,UPI,1610.350122590502
10502,1190,269,Monitor,Accessories,East,2023-03-11,3,1437.3812723567728,0.006070869791985134,Card,4285.965353432571
10503,1068,368,Tablet,Electronics,East,2023-05-30,3,528.4635981709009,0.15719795023940014,Cash,1336.170611286892
10504,1021,395,Laptop,Accessories,North,2023-09-03,3,1445.1695687631102,0.1515173400811226,Card,3678.6039592138222
10505,1092,212,Tablet,Electronics,West,2024-06-21,4,1357.1544840960862,0.15757513944914645,Cash,4573.202708042444
10506,1194,248,Laptop,Electronics,South,2024-10-13,2,442.0556912004517,0.29220936749161913,Cash,625.7657545573944
10507,1075,259,Phone,Accessories,East,2023-04-09,3,1215.1355763983202,0.2734362010364518,Cash,2648.620561931173
10508,1153,329,Laptop,Accessories,South,2023-10-05,4,1493.6260926150837,0.0485138334990324,UPI,5684.658260192581
10509,1143,387,Tablet,Accessories,North,2024-07-16,2,416.3613531483594,0.11066475646676675,Cash,740.5696508000455
10510,1178,204,Tablet,Accessories,North,2024-10-24,1,683.3268955188136,0.12718685383897857,Cash,596.4166975342192
10511,1085,371,Laptop,Electronics,West,2024-03-30,3,804.2620680218015,0.10815987535549433,UPI,2151.819548974234
10512,1184,226,Monitor,Electronics,North,2023-04-14,4,477.6501469156033,0.2395487890811739,Cash,1452.9185304701027
10513,1028,359,Phone,Electronics,North,2024-08-23,1,72.13401748674315,0.15721130096027608,UPI,60.79373475416096
10514,1068,348,Phone,Accessories,South,2024-10-14,4,369.18740408641366,0.17162994509148752,UPI,1223.2951607783746
10515,1046,207,Tablet,Electronics,North,2024-12-25,2,458.80848229554977,0.25590406769637764,Card,682.7950507650343
10516,1093,399,Monitor,Accessories,North,2023-08-21,2,693.2195669113714,0.24177844602460757,UPI,1051.2280345393772
10517,1189,249,Laptop,Electronics,East,2024-01-29,1,298.09859369943274,0.039663456846089906,UPI,286.27497299235523
10518,1196,266,Phone,Accessories,North,2024-05-15,4,1316.2188172029253,0.21417437522509028,UPI,4137.273897475926
10519,1143,243,Monitor,Electronics,East,2024-11-25,3,1072.1211424604373,0.13063083867061065,Cash,2796.2071753930118
10520,1175,324,Phone,Electronics,North,2023-09-08,3,173.54069246150988,0.08839467091875014,Card,474.601860181088
10521,1084,257,Monitor,Accessories,North,2024-06-04,1,992.6340541529006,0.015005646270655903,Cash,977.7389386600751
10522,1038,202,Monitor,Electronics,West,2023-03-20,1,997.8018907881496,0.14617486810363528,UPI,851.948331008634
10523,1099,285,Tablet,Accessories,West,2023-02-21,1,1436.5207017832602,0.10663100421735941,UPI,1283.3430567730852
10524,1032,269,Phone,Electronics,East,2023-08-14,4,54.38026346643381,0.07545391190292024,Card,201.10823943031968
10525,1100,329,Laptop,Electronics,North,2023-02-20,3,409.50205221842043,0.20840151887908726,Card,972.4836076559949
10526,1022,371,Tablet,Accessories,South,2023-07-05,3,1395.2976450942074,0.23084561619467608,UPI,3219.5979013123633
10527,1009,201,Tablet,Accessories,West,2023-02-03,3,1401.5941773275104,0.07343685570882744,UPI,3895.9965238943323
10528,1068,301,Laptop,Electronics,South,2023-05-11,1,1094.8503080874243,0.014834231003804176,Cash,1078.6090457026692
10529,1099,234,Tablet,Electronics,West,2024-09-23,3,1160.356815518933,0.2546258101695705,UPI,2594.7000638449254
10530,1033,297,Monitor,Electronics,West,2024-03-18,2,182.65028899798833,0.0029879223612909954,Cash,364.20908823038997
10531,1179,229,Monitor,Electronics,North,2024-03-07,1,795.1199604284387,0.2811337481764416,Card,571.5849057032879
10532,1137,315,Phone,Electronics,West,2024-12-04,3,385.79533736904915,0.18828596219481178,Cash,939.4664731867372
10533,1146,207,Phone,Electronics,South,2024-05-11,4,312.766163239745,0.09655399056039608,UPI,1130.2693682667336
10534,1185,349,Laptop,Accessories,West,2024-02-07,1,1224.9397837288323,0.07394337287302086,Cash,1134.3636045535736
10535,1095,243,Phone,Accessories,East,2023-11-19,2,245.80529818679378,0.002701699279342573,Cash,490.28241237964784
10536,1000,385,Monitor,Accessories,North,2023-07-29,2,729.5448736447586,0.07064142510326314,Card,1356.0175681874257
10537,1068,235,Laptop,Electronics,North,2024-09-06,4,1410.938447399748,0.04131849045514233,Cash,5410.5624025122725
10538,1003,396,Laptop,Electronics,East,2023-11-25,4,319.4564805697467,0.18364986621694368,UPI,1043.1533626039081
10539,1015,276,Phone,Electronics,East,2024-01-07,1,1468.0904644204402,0.04996367657814039,Cash,1394.7392672686854
10540,1023,230,Monitor,Accessories,East,2024-04-04,1,1491.7175793535357,0.1585889512609858,Cash,1255.147652866282
10541,1079,246,Laptop,Accessories,West,2023-05-13,2,855.6448742894843,0.17703492670334123,Cash,1408.3316933711117
10542,1001,254,Monitor,Electronics,North,2024-10-12,4,296.706973256879,0.08941250950407435,UPI,1080.7106327624927
10543,1127,305,Monitor,Electronics,East,2023-05-01,1,508.35208751429866,0.010519484705615612,Cash,503.00448550462426
10544,1159,389,Monitor,Accessories,West,2024-08-28,2,665.5146073809759,0.01117616418425883,UPI,1316.1534137237272
10545,1083,357,Phone,Accessories,East,2024-03-27,4,498.52012531942324,0.00790419965817528,Cash,1978.3188908611198
10546,1151,320,Tablet,Accessories,South,2023-05-09,2,456.92159082094787,0.22173740014096385,Card,711.2099704080752
10547,1139,254,Tablet,Electronics,South,2023-04-01,3,1459.7330783637185,0.09540291144428943,Card,3961.4108782688536
10548,1177,343,Laptop,Electronics,North,2024-08-26,4,272.3789997528312,0.23889005579029907,Card,829.2414612230859
10549,1162,211,Monitor,Electronics,West,2024-07-28,1,1113.3254676394504,0.12951984715285475,UPI,969.1277232394083
10550,1123,344,Phone,Accessories,South,2023-01-29,1,50.594919686803564,0.13589943024898915,UPI,43.719098927873596
10551,1032,343,Monitor,Accessories,South,2024-12-22,3,914.4648706334465,0.1538647807528721,UPI,2321.282801421683
10552,1160,339,Monitor,Electronics,West,2024-06-07,4,1378.117355733376,0.21390943691253117,Cash,4333.300192676253
10553,1188,335,Phone,Electronics,East,2023-11-29,2,467.5044364351676,0.08205085974891212,UPI,858.2905909784629
10554,1178,202,Tablet,Accessories,West,2023-10-24,1,319.01266412369284,0.03647620486005807,UPI,307.37629283416413
10555,1170,343,Monitor,Electronics,East,2023-05-10,3,994.9357025737191,0.16681720055743846,UPI,2486.8899418071696
10556,1100,229,Monitor,Accessories,South,2023-10-20,3,1083.2720405826701,0.09809328697282178,UPI,2931.0309763084797
10557,1011,222,Tablet,Accessories,South,2023-06-22,4,1047.6442524803729,0.13274739410041123,Card,3634.2888320773204
10558,1066,291,Phone,Electronics,South,2024-12-20,4,513.0094760309923,0.19408401250119162,Cash,1653.770153887054
10559,1064,314,Laptop,Accessories,North,2023-01-24,1,415.6934831310298,0.14823772234238117,Card,354.0720279991149
10560,1160,303,Tablet,Electronics,North,2023-04-09,3,1436.082259944964,0.18608364513025286,Cash,3506.552514922542
10561,1167,317,Laptop,Accessories,North,2024-02-10,2,1388.7842869913977,0.16326000063408835,Cash,2324.1027268331404
10562,1073,204,Laptop,Accessories,West,2023-12-22,3,713.1090843445894,0.22193891158082973,Card,1664.5272909802475
10563,1042,303,Tablet,Electronics,South,2023-05-19,2,1276.9811059238414,0.211780985313486,UPI,2013.0815781691704
10564,1043,307,Monitor,Accessories,South,2024-05-17,2,705.8690425697292,0.16025696754258575,Card,1185.497220650632
10565,1028,264,Laptop,Electronics,West,2023-06-23,1,665.3640762051401,0.20367090625791207,Cash,529.8487718129808
10566,1140,320,Laptop,Electronics,North,2023-01-29,3,277.30627401897726,0.2620678806817838,Cash,613.8996194611857
10567,1011,229,Phone,Accessories,West,2024-05-10,2,668.2887819133606,0.12968138633645057,UPI,1163.2483324034763
10568,1094,348,Monitor,Electronics,North,2024-10-16,4,829.2545609697202,0.12382892182463809,Card,2906.275451066704
10569,1045,283,Laptop,Electronics,South,2023-12-17,2,82.63127477159537,0.22927368625571404,Cash,127.37219560940582
10570,1129,397,Phone,Electronics,East,2024-07-07,4,693.9638575043393,0.17476615111259822,Card,2290.729860468218
10571,1034,349,Monitor,Electronics,North,2023-10-26,4,1182.9665166730404,0.021302034066776564,UPI,4631.067694540061
10572,1080,399,Tablet,Electronics,South,2024-12-20,3,1036.0667817426913,0.2676336047073244,UPI,2276.3414826821345
10573,1089,231,Tablet,Electronics,South,2023-07-11,4,970.9776338527058,0.00923493067129204,Cash,3848.042890882804
10574,1007,360,Phone,Accessories,East,2024-11-02,2,1368.8553712339435,0.22451890686292292,UPI,2123.042919262116
10575,1092,215,Tablet,Electronics,South,2023-03-05,4,76.14641424658352,0.22763824281129386,Cash,235.2503132444415
10576,1153,237,Laptop,Accessories,South,2024-10-25,3,857.7189999787395,0.2859333255845791,Cash,1837.4056616932169
10577,1089,341,Monitor,Accessories,North,2023-08-03,1,1191.6558301940752,0.016240322520696227,UPI,1172.3029551780555
10578,1161,235,Laptop,Electronics,North,2023-06-15,2,834.9363049168375,0.1790570582353473,UPI,1370.8701326890753
10579,1114,350,Laptop,Accessories,East,2024-06-26,2,519.6485512415497,0.12835217118811587,Card,905.9010628698759
10580,1104,313,Tablet,Accessories,East,2023-08-20,3,247.56331938336788,0.0991898864578626,Card,669.0226255278001
10581,1134,265,Laptop,Electronics,South,2024-06-24,3,1336.9664541334773,0.02709556808972191,Cash,3902.221765625489
10582,1195,304,Tablet,Electronics,North,2023-07-14,3,732.6054689620244,0.16879623590139275,Card,1826.8332702013802
10583,1057,284,Monitor,Electronics,East,2024-05-20,3,1323.267035629267,0.1437122177023841,Cash,3399.292185979576
10584,1113,201,Monitor,Accessories,East,2023-11-30,2,899.485577528094,0.03136633744530728,UPI,1742.5440187523216
10585,1074,392,Laptop,Accessories,West,2023-10-31,1,1027.578569091751,0.183746852129125,UPI,838.7642417057912
10586,1156,274,Phone,Electronics,East,2024-03-12,4,1216.1786738487526,0.22138593607588153,Card,3787.735278812889
10587,1119,266,Tablet,Electronics,South,2023-11-19,4,1005.7755396701948,0.23018349031609447,Cash,3097.0504618974237
10588,1163,379,Tablet,Accessories,North,2024-05-16,1,627.1795189844597,0.2716119564787282,Cash,456.8300627697029
10589,1020,389,Laptop,Accessories,East,2024-01-28,1,794.7684066965439,0.12284122256663316,Card,697.1380839606054
10590,1163,350,Tablet,Accessories,West,2024-08-21,1,1214.4160107800258,0.28592183058664106,Cash,867.1879618840748
10591,1137,353,Tablet,Accessories,North,2023-05-29,3,591.792929740827,0.2596288215248058,Cash,1314.4392864165118
10592,1100,395,Phone,Electronics,East,2024-02-09,2,612.7761123143208,0.08895047130718171,UPI,1116.538776636359
10593,1151,254,Phone,Accessories,West,2023-10-10,2,188.75066828410166,0.04778491120483754,Cash,359.46246872058424
10594,1191,205,Laptop,Accessories,East,2023-12-28,2,1376.1474310715341,0.130616818838404,Cash,2392.798862744657
10595,1176,362,Phone,Accessories,North,2024-01-14,3,182.0026566708905,0.12056961238678998,Cash,480.1760007081457
10596,1098,349,Laptop,Accessories,North,2023-07-17,2,989.903307300406,0.1727157915993613,Card,1637.8627479463812
10597,1035,370,Monitor,Electronics,North,2024-07-09,3,649.1319942640566,0.1750158696983244,Card,1606.5707812167752
10598,1095,342,Laptop,Electronics,South,2023-12-22,2,638.1481158703914,0.22499609531399256,Card,989.134563135144
10599,1151,285,Monitor,Accessories,East,2024-06-23,1,1035.3501630303917,0.15296698446168305,Cash,876.9757707297208
10600,1150,259,Laptop,Accessories,South,2024-03-04,4,147.28591231332416,0.031446792282229664,Cash,570.6169712908335
10601,1189,300,Tablet,Electronics,North,2023-01-17,4,910.8733852795801,0.25748740066593184,Card,2705.339859872653
10602,1036,211,Phone,Electronics,West,2024-09-30,3,1169.4460896599144,0.09292937495555612,Card,3182.310586510798
10603,1011,248,Monitor,Accessories,East,2024-01-14,2,1250.9084989355615,0.2913892380919776,Cash,1772.8144490158977
10604,1112,241,Laptop,Accessories,South,2024-11-10,4,297.2690646209742,0.03535803260393104,Cash,1147.0328613678628
10605,1182,365,Phone,Electronics,East,2024-05-20,1,1351.257622613352,0.28747535166975097,UPI,962.8043623561468
10606,1012,281,Laptop,Electronics,West,2023-03-17,1,1001.4118331787912,0.027303542064755094,Card,974.0697430674506
10607,1022,372,Phone,Electronics,South,2023-08-19,1,1328.68946118999,0.06931084138411783,Cash,1236.5968766967017
10608,1098,234,Phone,Electronics,North,2024-12-16,3,753.6570398097875,0.013973982625962477,Card,2229.376348288654
10609,1104,357,Laptop,Electronics,South,2023-09-05,3,835.9483503909429,0.21153394399169848,Card,1977.3506965781776
10610,1029,357,Monitor,Electronics,East,2023-10-29,2,1382.6055016915732,0.25508962097153753,Card,2059.8343766238145
10611,1016,333,Monitor,Accessories,East,2024-12-26,1,1354.8688378642742,0.13022132454479413,UPI,1178.4360232131226
10612,1112,266,Tablet,Electronics,East,2023-08-03,2,699.8332663850529,0.2785566225127289,Cash,1009.7801507575632
10613,1061,279,Phone,Electronics,East,2023-06-07,2,447.89831587173853,0.17708972152667987,Cash,737.1602556834869
10614,1083,206,Tablet,Electronics,North,2023-03-10,1,620.097130118183,0.18900214063395696,Card,502.8974451248731
10615,1111,379,Tablet,Electronics,South,2024-01-28,2,612.2582763681371,0.25362576051023095,Cash,913.9476107911703
10616,1085,213,Laptop,Accessories,North,2023-03-26,4,465.95696872505124,0.08904006151555167,UPI,1697.8725262646908
10617,1140,272,Laptop,Accessories,North,2023-09-24,3,439.4404262828015,0.10627971639828773,Card,1178.2104672105681
10618,1186,342,Laptop,Electronics,North,2023-03-10,2,1298.5412578955932,0.2717855757583933,UPI,1891.232948944822
10619,1018,348,Phone,Accessories,East,2024-09-02,1,151.29978499275944,0.27028904881162913,UPI,110.40511002166248
10620,1176,362,Laptop,Accessories,East,2023-12-13,3,1032.5362140444115,0.29294483286026124,Cash,2190.180196197013
10621,1099,265,Laptop,Accessories,East,2024-12-28,3,300.58907461185584,0.2705514949325013,Cash,657.7927533457232
10622,1139,290,Phone,Accessories,South,2024-11-03,2,549.5335454213916,0.03821161081000827,UPI,1057.0699669134108
10623,1188,329,Phone,Accessories,West,2024-02-27,4,139.23739949551344,0.24711728584109618,Cash,419.317724978439
10624,1146,362,Monitor,Accessories,East,2024-08-28,2,441.46177344041996,0.12295154343287822,UPI,774.3667340586095
10625,1075,219,Laptop,Electronics,South,2023-06-23,4,1164.2105531200011,0.29724040678378133,UPI,3272.640538914564
10626,1008,209,Laptop,Electronics,East,2024-11-07,3,1333.272220593525,0.14168428929864033,Card,3433.105480731334
10627,1198,224,Laptop,Electronics,East,2023-04-25,2,371.2143702584322,0.16615082475066617,UPI,619.0735929613891
10628,1027,393,Monitor,Electronics,North,2023-08-08,1,722.1443669254367,0.15893247457703955,UPI,607.3721756881074
10629,1127,224,Laptop,Electronics,North,2023-01-31,2,731.9698695089493,0.09652110895748334,Cash,1322.6386519609623
10630,1051,253,Monitor,Accessories,North,2024-06-06,4,1316.6841933516146,0.02250662666787545,Card,5148.2002950894275
10631,1082,232,Tablet,Electronics,South,2023-12-09,4,1156.0586266699179,0.26869536912057557,Cash,3381.7241090072744
10632,1110,363,Monitor,Electronics,West,2024-01-12,2,793.9619666336723,0.24080274375788605,Card,1205.5474932577538
10633,1143,294,Tablet,Accessories,West,2023-05-10,4,1022.5834406840714,0.04185803416790078,Cash,3919.120432337552
10634,1116,213,Laptop,Accessories,South,2024-09-08,3,1278.6648281685818,0.23303048140502186,UPI,2942.0908431143625
10635,1068,264,Tablet,Electronics,East,2024-06-22,2,63.83148333704017,0.187753999815183,Card,103.69373405274933
10636,1098,309,Monitor,Accessories,South,2023-01-02,4,634.1905450225705,0.12274313637528668,Card,2225.3920338677913
10637,1139,279,Phone,Accessories,East,2023-04-11,2,1365.502592551764,0.07620634472866882,Card,2522.8852625117465
10638,1024,253,Tablet,Accessories,South,2024-06-16,2,1123.4538947237295,0.25791863505066975,Card,1667.3883993084528
10639,1179,324,Tablet,Accessories,South,2023-02-27,1,837.1199927844083,0.2100564777882159,Cash,661.2775156140187
10640,1122,379,Laptop,Electronics,South,2024-01-24,2,817.9845642009435,0.16432197284074104,Cash,1367.1434537163414
10641,1052,330,Monitor,Accessories,West,2024-11-22,1,554.2666415264348,0.18287056016953923,Card,452.9075903072064
10642,1150,368,Tablet,Electronics,North,2023-12-07,4,804.754773780196,0.027319854624654295,Card,3131.0759614080985
10643,1143,333,Tablet,Electronics,South,2023-01-20,1,1000.3056392220072,0.14217592827335757,Card,858.086256408544
10644,1056,224,Tablet,Accessories,West,2023-09-12,1,656.62640572175,0.058110087835710596,Cash,618.4697876100121
10645,1038,340,Tablet,Accessories,North,2023-11-13,1,1085.5220622686522,0.06251510370264761,Card,1017.6605379744155
10646,1108,316,Phone,Accessories,North,2023-02-07,3,1298.7867295275594,0.19839118868606,Card,3123.35665922072
10647,1180,335,Monitor,Electronics,South,2024-10-21,1,274.29302986804873,0.2733768455502864,Card,199.3076666062911
10648,1041,348,Laptop,Accessories,East,2024-06-20,2,704.7431830852654,0.12112698314350395,Cash,1238.7595348543941
10649,1185,395,Laptop,Accessories,East,2024-01-21,1,641.6291323633676,0.06232478190365711,UPI,601.639736625788
10650,1166,224,Phone,Accessories,East,2024-09-24,2,1046.8239658721059,0.19462408117099625,UPI,1686.173626732938
10651,1141,278,Monitor,Accessories,South,2023-01-26,1,412.3078246239976,0.26135611390509533,Cash,304.54865384760603
10652,1121,267,Tablet,Accessories,East,2024-03-29,3,978.3638266808006,0.22449564033674724,UPI,2276.1762387833514
10653,1132,372,Phone,Electronics,West,2024-11-11,4,1322.3594005106577,0.2606271691609761,Card,3910.8664533686383
10654,1162,387,Monitor,Accessories,West,2023-11-19,1,656.2908197007529,0.1609664013032398,Card,550.6500482451693
10655,1074,211,Tablet,Accessories,West,2024-05-27,1,1370.972764969869,0.22556287331075725,Cash,1061.7322088724718
10656,1145,231,Phone,Accessories,West,2023-01-13,3,1490.0874214535438,0.04201936780768094,Cash,4282.424670077666
10657,1075,327,Monitor,Electronics,North,2024-07-13,1,203.8334724245305,0.10448238460895744,UPI,182.5364651624914
10658,1008,295,Laptop,Accessories,West,2024-01-06,2,387.92712257804504,0.11686474934445673,UPI,685.1842332680909
10659,1073,291,Laptop,Electronics,East,2023-10-18,1,1428.050639649035,0.15338872387381036,Card,1209.003774406091
10660,1185,340,Monitor,Electronics,South,2023-11-28,1,1439.5751453980108,0.2787229080770471,Cash,1038.3325744772394
10661,1144,230,Laptop,Accessories,East,2024-08-28,4,191.67554931079982,0.26228896806665225,UPI,565.6046691138457
10662,1006,277,Monitor,Accessories,West,2023-09-18,4,71.74782554684819,0.04035764768675536,UPI,275.4090083245508
10663,1173,219,Tablet,Accessories,North,2023-07-24,1,283.59503372181223,0.05183689556473896,Card,268.89434757609604
10664,1140,345,Monitor,Electronics,West,2024-11-27,3,1494.21853590426,0.1072921648766734,Card,4001.7017831647167
10665,1167,259,Tablet,Electronics,South,2024-11-17,4,310.99944408549595,0.08722315976720217,Card,1135.4923595460627
10666,1169,390,Phone,Electronics,East,2024-01-22,1,778.6940297469336,0.1844312859468787,Card,635.0784884815496
10667,1136,333,Monitor,Electronics,South,2024-04-12,4,1280.205703324241,0.27083281432936346,UPI,3733.935959089739
10668,1177,359,Phone,Electronics,South,2024-02-19,1,79.5823354978992,0.288687462501776,Cash,56.60791300304566
10669,1026,292,Laptop,Electronics,South,2023-03-10,4,926.5090242747663,0.19608088576056795,Cash,2979.353256519242
10670,1121,242,Tablet,Accessories,East,2024-04-16,4,451.6869008609553,0.251447760420326,Card,1352.444964913081
10671,1193,329,Monitor,Accessories,West,2023-04-14,2,1300.3856288376107,0.15756066006923913,Card,2190.9920216268083
10672,1004,259,Phone,Electronics,South,2023-06-10,1,461.0186664329148,0.06249808405801191,UPI,432.2058830658779
10673,1028,350,Tablet,Accessories,East,2023-07-19,1,1045.795794408768,0.15740652362804322,Card,881.180713986056
10674,1164,230,Tablet,Accessories,North,2023-08-04,1,1027.6184670487255,0.16652478043129532,Cash,856.4945274562923
10675,1165,204,Laptop,Electronics,East,2023-07-31,1,371.165645846478,0.22273726926406698,Card,288.4932234459997
10676,1082,361,Laptop,Electronics,North,2024-05-22,4,100.45883980910767,0.06596489691220472,Cash,375.32833118872077
10677,1135,209,Tablet,Accessories,East,2023-01-16,2,643.411881988826,0.11049311462601952,Card,1144.6385983209834
10678,1108,288,Tablet,Electronics,West,2024-05-12,2,469.33007035051105,0.10920824076436988,Card,836.1507180594276
10679,1064,329,Monitor,Electronics,South,2023-11-28,3,1223.0177369398775,0.28783187872234944,Cash,2612.982732017149
10680,1085,325,Tablet,Accessories,West,2024-12-17,1,1210.5280732602507,0.13318348809801567,UPI,1049.3057220228804
10681,1144,210,Monitor,Electronics,East,2024-07-04,3,712.684730679307,0.22652819018944392,UPI,1653.7246453886169
10682,1070,377,Tablet,Accessories,South,2024-08-23,4,929.4427267186675,0.2252434144123317,Card,2880.3674938073887
10683,1044,358,Laptop,Accessories,North,2023-09-13,3,926.1762981810415,0.07966325544097241,Card,2557.182237467013
10684,1131,255,Monitor,Accessories,East,2024-12-28,1,1249.379315220054,0.17156090681151961,Cash,1035.034666949346
10685,1035,282,Phone,Accessories,South,2023-06-21,2,666.2535004786364,0.26829086799559443,Cash,975.0075410602396
10686,1069,336,Laptop,Accessories,North,2024-10-10,2,449.39768569623817,0.14255931583708484,Card,770.6637181692264
10687,1158,298,Monitor,Electronics,North,2024-05-12,1,434.3006313037938,0.2835352522027638,Cash,311.16109227525305
10688,1018,348,Monitor,Electronics,West,2024-04-15,4,827.478804959196,0.06433746879724847,UPI,3096.9636526589975
10689,1188,272,Phone,Electronics,East,2024-01-19,1,701.2648939617083,0.02224773173220922,UPI,685.6633407276321
10690,1107,355,Monitor,Electronics,North,2024-11-20,4,688.1751179281574,0.2674361619434248,Cash,2016.528822577949
10691,1181,389,Tablet,Accessories,South,2024-08-11,2,182.14914168007547,0.25430435938866497,Cash,271.65564178385745
10692,1166,314,Phone,Accessories,North,2024-11-30,4,1091.9754240007837,0.2977769627801534,Cash,3067.24119524504
10693,1090,206,Laptop,Electronics,North,2024-05-21,1,359.9181975737705,0.2038180464337278,UPI,286.5603736683361
10694,1089,279,Laptop,Accessories,West,2024-06-10,1,335.58276380264596,0.28100637800014483,Card,241.28186682718632
10695,1018,343,Tablet,Electronics,West,2023-11-21,1,648.4995644022205,0.24808470752523323,Cash,487.61673963725445
10696,1038,296,Laptop,Electronics,South,2023-08-02,4,380.27859534581205,0.25332789993602606,Cash,1135.7736695849426
10697,1125,203,Monitor,Electronics,West,2023-07-27,4,896.5944875966223,0.17074247113628047,Cash,2974.0309167088312
10698,1194,203,Monitor,Accessories,North,2023-06-18,4,588.6218420349837,0.11470937937501324,Card,2084.405583394295
10699,1172,302,Tablet,Accessories,North,2023-11-26,2,700.9219977595457,0.2803674217629845,Cash,1008.8126087814828
10700,1140,239,Laptop,Accessories,West,2023-10-07,3,828.8955163258419,0.12963515268476833,Cash,2164.324558521664
10701,1125,216,Laptop,Accessories,North,2023-11-01,3,345.126507598617,0.1616458101749007,UPI,868.0147609950136
10702,1057,300,Tablet,Electronics,North,2023-05-26,1,275.8398531550182,0.13383429213755632,Cash,238.92302166468883
10703,1147,302,Phone,Accessories,South,2024-05-30,2,1326.6117591667269,0.16944549418805913,UPI,2203.6467480780607
10704,1199,323,Laptop,Accessories,West,2023-03-31,4,678.8993691055605,0.14115152369769815,Card,2332.2867548756185
10705,1060,251,Phone,Accessories,North,2024-03-28,1,647.5357339671817,0.014390267573842763,Cash,638.2175214917693
10706,1126,251,Laptop,Electronics,West,2023-03-01,2,101.63761789562014,0.2646144558023096,Cash,149.48566989425507
10707,1104,363,Laptop,Electronics,South,2023-11-07,1,772.0656387517201,0.13331814567473094,UPI,669.1352794541641
10708,1166,323,Laptop,Accessories,West,2024-06-11,2,853.5460963359501,0.1766830945522046,Card,1405.4778613847204
10709,1000,365,Laptop,Accessories,North,2023-08-15,2,860.3192628842664,0.041756340827396106,Card,1648.7909570457937
10710,1130,377,Monitor,Accessories,West,2024-04-18,3,1075.1951955181823,0.0010163543947917409,UPI,3222.3072484678755
10711,1091,262,Phone,Accessories,North,2024-06-24,1,307.3486607369671,0.07358702809309288,Card,284.7317862049414
10712,1189,315,Phone,Electronics,North,2024-10-24,4,415.7235446343973,0.21137580964000507,Card,1311.398575203555
10713,1190,390,Laptop,Accessories,North,2023-03-20,3,1225.5591745840984,0.029758359033863577,Card,3567.265633948738
10714,1112,261,Laptop,Accessories,South,2024-03-08,3,1423.3973944229213,0.2726662321159403,Card,3105.854970245929
10715,1152,206,Phone,Accessories,West,2023-06-02,4,247.10248368261492,0.06450677080685537,Card,924.650801607583
10716,1055,354,Monitor,Electronics,South,2024-02-05,2,771.5918540325664,0.06137808428753274,Card,1448.4660483603636
10717,1160,291,Tablet,Electronics,West,2023-10-06,4,360.5555664724009,0.05445238848644866,Card,1363.6898187835768
10718,1165,213,Tablet,Accessories,South,2023-02-26,1,137.10609411472456,0.004194513891409423,Card,136.53100069836344
10719,1116,398,Phone,Accessories,East,2023-07-05,4,521.9798402828964,0.23154164054347037,Cash,1604.4790869327037
10720,1133,285,Laptop,Accessories,North,2024-02-02,2,258.3470565171085,0.26251035937357753,UPI,381.0565557353928
10721,1057,332,Laptop,Accessories,North,2024-08-27,4,1079.4029564796572,0.18424881078485966,Card,3522.096981562475
10722,1043,382,Monitor,Accessories,South,2023-06-07,2,823.9018498235945,0.05645999450395869,UPI,1554.768711821506
10723,1172,329,Tablet,Electronics,East,2024-11-23,2,258.55998293595076,0.08558339908226392,Card,472.8630814592799
10724,1159,261,Monitor,Electronics,North,2023-12-25,1,63.40030318799583,0.142778009209489,Card,54.348134115535764
10725,1172,348,Tablet,Electronics,West,2024-03-15,4,1221.8277210851084,0.28630378548699026,Cash,3488.055277301997
10726,1060,278,Phone,Accessories,South,2024-08-11,4,305.48188893815893,0.07420541154532284,UPI,1131.253918599441
10727,1046,348,Tablet,Electronics,North,2024-04-10,1,929.0141312201107,0.2194937711759664,UPI,725.1013160828445
10728,1148,337,Monitor,Electronics,North,2024-10-24,2,538.5367739612811,0.1318344669878761,Cash,935.0781308254506
10729,1079,257,Monitor,Electronics,South,2024-03-21,4,898.9546105568016,0.08935420450800653,Cash,3274.5169457667753
10730,1117,319,Monitor,Accessories,South,2024-05-02,1,507.69775912436984,0.13677478110663413,UPI,438.2575092518055
10731,1163,366,Phone,Accessories,West,2024-06-13,2,176.06236300376855,0.02136201526236976,Card,344.6026322363063
10732,1146,332,Tablet,Electronics,West,2023-03-14,1,373.2775124087427,0.23960621127910872,Card,283.8379019047934
10733,1019,264,Tablet,Accessories,North,2024-12-01,4,322.6849213946596,0.07299057839489013,UPI,1196.527849371015
10734,1184,212,Monitor,Electronics,North,2023-01-17,1,670.6280610374836,0.21762363695789114,Card,524.6835433484878
10735,1145,380,Tablet,Electronics,South,2024-06-14,3,1004.5114859679281,0.020504511434458417,Cash,2951.743406153562
10736,1046,281,Laptop,Electronics,North,2024-12-31,2,432.5188086722184,0.2865295668497058,Cash,617.1787635380338
10737,1048,372,Laptop,Electronics,North,2023-11-22,3,67.50140618589603,0.05790449562170958,Cash,190.77831392083672
10738,1013,359,Laptop,Accessories,South,2024-09-23,3,802.4591781838975,0.2648226228621241,UPI,1769.8495016323595
10739,1142,363,Tablet,Accessories,North,2024-09-04,2,928.3512595705095,0.24284196288463034,UPI,1405.817234899976
10740,1158,387,Phone,Accessories,North,2024-06-29,2,1446.162216302624,0.2903579772244248,UPI,2052.5149608772062
10741,1000,338,Phone,Accessories,East,2024-08-18,1,904.7326644852079,0.14336719828372488,Card,775.0236771821943
10742,1116,390,Phone,Electronics,West,2024-12-08,2,733.2002110983057,0.21821918815378546,UPI,1146.4037125564985
10743,1053,348,Phone,Accessories,South,2023-07-21,3,881.4323575516705,0.11121319711133522,UPI,2350.216341092903
10744,1117,251,Laptop,Electronics,East,2023-12-10,3,1395.4559132999393,0.05531047140590815,Cash,3954.8177667274726
10745,1002,382,Laptop,Accessories,West,2024-06-06,4,1251.148311122387,0.13292277988003465,Card,4339.368798263155
10746,1143,316,Monitor,Accessories,West,2024-02-04,2,518.3191633775216,0.04972470461653646,Card,985.0917921629681
10747,1184,225,Tablet,Accessories,West,2023-08-06,3,394.01882730284905,0.29461338683591515,Cash,833.8068183421234
10748,1011,395,Tablet,Electronics,East,2024-03-20,4,430.8187379308068,0.02887394734221491,Card,1673.5172015110127
10749,1073,233,Phone,Electronics,East,2023-08-10,4,781.4105075870589,0.1767635170357861,UPI,2573.1425520690063
10750,1015,251,Laptop,Electronics,West,2024-01-18,1,1128.8717042814378,0.18793915657621676,Card,916.7125082960281
10751,1199,311,Phone,Electronics,North,2024-08-14,3,779.667850415295,0.16142386286221627,Cash,1961.4325627553324
10752,1101,281,Monitor,Accessories,North,2023-01-07,1,148.30477395076326,0.19865576571355006,Card,118.84317552259944
10753,1151,379,Tablet,Electronics,East,2023-09-29,3,1099.1920156379724,0.034854232503567284,Cash,3182.6415646765854
10754,1155,356,Tablet,Electronics,East,2023-01-16,1,1218.656686572883,0.1665055572615873,UPI,1015.7435758645056
10755,1116,365,Phone,Accessories,East,2024-02-28,1,469.77190442359347,0.08616377133820846,UPI,429.29458546972427
10756,1007,241,Monitor,Accessories,West,2024-06-07,2,1012.982321960858,0.282052818990317,Cash,1454.5356049288823
10757,1121,220,Tablet,Electronics,North,2023-01-21,1,668.5582565288704,0.2286214960319177,UPI,515.7114677367495
10758,1091,241,Monitor,Accessories,East,2024-11-20,2,1339.2230658047922,0.29175434464792277,UPI,1896.9978358070664
10759,1163,340,Monitor,Electronics,East,2023-08-16,4,1275.5770593330728,0.011266820922056863,Card,5044.821444133133
10760,1089,312,Phone,Accessories,South,2023-10-15,3,811.8763975489812,0.08553995255421261,UPI,2227.2855870682693
10761,1135,304,Laptop,Electronics,West,2023-05-14,4,1052.683041429712,0.0586267759915047,Cash,3963.8705142790254
10762,1185,391,Phone,Electronics,South,2023-10-10,3,1330.8570664820509,0.0033463761935491497,UPI,3979.210554233276
10763,1059,216,Laptop,Electronics,North,2024-02-08,4,768.7896646134994,0.07269771907389642,Card,2851.601638194049
10764,1177,319,Monitor,Electronics,South,2024-10-26,3,504.21357370879184,0.20363279505612866,Cash,1204.6174631676936
10765,1027,336,Laptop,Electronics,South,2023-03-07,1,1142.8158999688928,0.06932667664037057,UPI,1063.5882716122753
10766,1100,368,Monitor,Accessories,South,2024-10-10,3,369.09606943780307,0.15270103364478546,UPI,938.2041543612689
10767,1040,328,Tablet,Electronics,West,2024-08-26,3,613.370164608761,0.2663454344894996,UPI,1350.005464839434
10768,1191,329,Tablet,Electronics,North,2024-03-12,4,1305.3044938048508,0.20812737610472257,Cash,4134.539577966177
10769,1154,259,Tablet,Electronics,South,2023-09-16,4,1100.4123933905068,0.11838872097180958,Card,3880.543910381908
10770,1190,247,Phone,Electronics,West,2023-04-13,4,635.5259576088739,0.11174068167363249,Cash,2258.047415537481
10771,1144,228,Phone,Electronics,North,2024-07-20,2,361.37952849211825,0.1367207442025454,Cash,623.9429008342217
10772,1160,296,Monitor,Accessories,East,2023-04-11,2,566.154166706743,0.053112432317971914,Card,1072.1686836919866
10773,1156,209,Tablet,Accessories,South,2023-07-17,3,461.95101637977785,0.19020023022479643,Cash,1122.263480135296
10774,1140,257,Phone,Electronics,North,2023-08-14,3,305.3294675185882,0.10924584573138164,Cash,815.9204748384229
10775,1045,387,Tablet,Accessories,South,2024-04-07,1,1127.8327246702022,0.2557096047786131,UPI,839.4350643883984
10776,1034,220,Phone,Electronics,East,2023-08-25,1,415.5013359327487,0.22696579801734487,Cash,321.1967436454995
10777,1133,227,Laptop,Accessories,North,2023-01-26,3,708.5428317432576,0.18315394922764802,UPI,1736.3112417376171
10778,1081,233,Laptop,Accessories,West,2023-05-01,2,609.4961979123582,0.10926066679485481,Cash,1085.8044738390504
10779,1114,207,Tablet,Electronics,North,2024-05-20,3,1474.0121990216646,0.06297954950204532,UPI,4143.538724300282
10780,1196,386,Monitor,Accessories,West,2023-07-01,1,617.0837540149198,0.23284555923168684,UPI,473.39854221852715
10781,1046,399,Phone,Accessories,North,2024-12-11,2,165.97460005529445,0.14592272969732595,UPI,283.51026670960783
10782,1152,376,Phone,Electronics,West,2024-09-25,2,180.24734122952185,0.06742501145320724,Card,336.1883243654224
10783,1193,278,Laptop,Electronics,East,2024-06-26,1,906.592895961944,0.058552384512001864,Cash,853.509720121731
10784,1009,344,Laptop,Accessories,East,2023-11-11,3,919.0771500204851,0.0496202713504077,Cash,2620.4168773335277
10785,1055,387,Monitor,Accessories,East,2024-09-09,4,657.2005361998497,0.23314835886167848,Cash,2015.9012389673585
10786,1029,286,Monitor,Accessories,North,2023-09-30,3,676.173353852443,0.06869615559009351,Card,1889.1685317909605
10787,1108,287,Monitor,Electronics,East,2023-08-20,3,128.20224511926324,0.15799267905755923,UPI,323.84168685503084
10788,1004,372,Tablet,Accessories,South,2024-02-24,1,798.9924400644303,0.13546390829191693,Cash,690.7578014376074
10789,1118,268,Laptop,Accessories,East,2024-03-17,2,781.8722393015099,0.17388326976848517,Card,1291.835475581112
10790,1032,359,Tablet,Accessories,West,2024-05-10,1,266.8465119075696,0.2631464701113583,Card,196.62679423756413
10791,1117,371,Laptop,Electronics,West,2023-01-24,3,200.567109860845,0.2603242170245192,Cash,445.06390207634934
10792,1064,392,Laptop,Electronics,West,2023-04-19,4,229.18011136926123,0.1353228215474579,UPI,792.6672482248487
10793,1145,286,Phone,Electronics,North,2024-12-03,4,196.49095741232486,0.004609875220416992,Card,782.3406344668551
10794,1176,300,Laptop,Electronics,South,2024-05-16,4,934.0768835283018,0.12793314171429096,Cash,3258.309972863329
10795,1010,207,Laptop,Accessories,East,2023-01-25,1,334.899845984232,0.1818580612272421,UPI,273.9956092882376
10796,1084,276,Tablet,Electronics,South,2023-07-06,2,414.573720671822,0.16732942772941853,Card,690.4066744803005
10797,1025,399,Laptop,Accessories,South,2023-10-15,1,301.6796090195876,0.19540083174006165,Card,242.7311624981436
10798,1062,286,Tablet,Accessories,West,2024-09-19,4,1438.8611914503294,0.046222719741925045,Cash,5489.412455401554
10799,1085,242,Monitor,Accessories,West,2023-12-04,3,1289.1953215701612,0.19396052963421975,Cash,3117.4269425893635
10800,1058,328,Laptop,Accessories,West,2023-02-06,2,384.2175141597053,0.05479548562313167,UPI,726.3282577728236
10801,1026,308,Laptop,Electronics,North,2023-05-17,1,524.9711261870827,0.2251571942090247,Cash,406.77010037404733
10802,1176,378,Tablet,Electronics,South,2024-05-22,1,354.3446213422459,0.101726283978804,Cash,318.2984597652228
10803,1160,351,Monitor,Electronics,South,2023-08-15,2,763.2201412181944,0.21296863001443606,UPI,1201.3563866870622
10804,1097,351,Phone,Electronics,North,2023-11-16,2,78.43527208766771,0.014359679671832125,Cash,154.6179334110316
10805,1104,216,Monitor,Electronics,North,2023-07-01,3,1023.4836129003538,0.122358007677274,UPI,2694.7565914065844
10806,1098,332,Tablet,Accessories,North,2023-03-27,2,808.5793172355803,0.2115103566789998,UPI,1275.1128348876414
10807,1128,347,Monitor,Electronics,South,2024-04-11,3,1353.0264460365997,0.06806115489944824,UPI,3782.8137105295586
10808,1148,220,Tablet,Electronics,South,2023-02-22,4,288.36939227620053,0.23858611343916675,Cash,878.2738389528296
10809,1054,257,Tablet,Electronics,West,2023-08-23,4,1215.9584067886408,0.1892339199314796,UPI,3943.431323993558
10810,1005,358,Phone,Electronics,West,2024-03-08,1,1198.3434709767378,0.1762685316449395,Cash,987.113226941368
10811,1196,309,Laptop,Accessories,South,2024-05-10,4,234.41272436448605,0.10606465626130114,UPI,838.1992773259668
10812,1094,338,Tablet,Accessories,West,2023-04-10,4,627.910875008985,0.14473544111433526,Cash,2148.1196701362855
10813,1132,379,Tablet,Accessories,North,2024-08-21,3,296.7213296595495,0.17920479029335593,UPI,730.6423380070327
10814,1101,342,Phone,Accessories,East,2024-02-07,1,419.3447256634459,0.14173863417446714,Card,359.9073769996425
10815,1002,334,Tablet,Accessories,West,2024-01-31,2,431.7069535042893,0.20949399718216802,Card,682.5338764066788
10816,1180,227,Laptop,Electronics,South,2024-06-10,1,856.5427713373705,0.13010907993208787,Card,745.0987794361845
10817,1022,250,Phone,Accessories,West,2024-02-19,4,646.545851052675,0.060681954522609105,UPI,2429.2487404892595
10818,1052,385,Laptop,Accessories,West,2024-09-04,2,1424.2125658091427,0.06418013484031417,Cash,2665.612822588484
10819,1164,204,Laptop,Accessories,West,2024-11-07,1,233.23670582315745,0.0017411306528823279,UPI,232.83061024527146
10820,1082,204,Phone,Electronics,East,2024-04-07,1,1461.8535955327882,0.09028731466760173,UPI,1329.8667599549542
10821,1144,293,Tablet,Electronics,North,2024-06-24,1,384.42602831068274,0.2246752921435559,UPI,298.0549980923932
10822,1084,295,Laptop,Accessories,South,2024-09-17,1,1170.667207753687,0.23824881265128284,UPI,891.7571354965785
10823,1077,207,Laptop,Electronics,East,2024-09-10,3,541.506392950591,0.060740262628725006,Cash,1525.8454572829157
10824,1109,263,Laptop,Electronics,South,2023-12-30,1,257.4680233551052,0.2877131990614223,UPI,183.39107469958685
10825,1000,337,Laptop,Accessories,South,2023-05-10,4,1293.9393186070479,0.15072083804403802,Card,4395.662800513848
10826,1050,237,Phone,Electronics,South,2023-03-25,4,497.8483038928716,0.27509362470555077,Card,1443.573637685884
10827,1172,310,Phone,Electronics,East,2023-09-28,3,1005.3403361289212,0.21202958455848933,Card,2376.5353269588422
10828,1003,311,Monitor,Electronics,North,2023-09-01,2,871.3433433756085,0.2167300269067239,UPI,1364.9941542416361
10829,1189,280,Monitor,Accessories,South,2024-01-23,2,734.0466486167678,0.025513086391821337,Cash,1430.6377061099624
10830,1192,335,Laptop,Accessories,North,2023-08-02,4,768.9382353403817,0.0659973380690792,Cash,2872.761434673525
10831,1112,303,Tablet,Accessories,North,2023-06-15,4,1111.744975433817,0.0026444499883417905,Cash,4435.220085785968
10832,1031,352,Laptop,Electronics,West,2023-02-28,3,177.27072547898882,0.21483829214302125,UPI,417.5585567103855
10833,1033,272,Tablet,Accessories,East,2024-08-24,2,1018.8619598389624,0.103331486528553,Cash,1827.1628779228154
10834,1091,393,Laptop,Electronics,East,2024-05-18,2,1348.927547027939,0.23599575482290402,Card,2061.172744731344
10835,1094,377,Monitor,Electronics,West,2024-12-06,1,133.79288567880303,0.10168086598110788,Cash,120.18870920087096
10836,1071,394,Monitor,Electronics,West,2023-05-03,1,253.94734188881677,0.2458001256896583,UPI,191.52705333399098
10837,1038,248,Tablet,Accessories,North,2024-10-09,1,1089.1163082179455,0.0392094761244939,UPI,1046.412628334077
10838,1153,235,Laptop,Accessories,South,2024-02-17,3,684.0583899546955,0.05201194702725246,Cash,1945.4375436384728
10839,1161,325,Tablet,Accessories,East,2023-05-19,4,635.1455001798481,0.10226296187518094,UPI,2280.7745604390543
10840,1181,267,Monitor,Accessories,South,2023-08-17,3,248.601620089142,0.12254621666468199,Cash,654.409296271521
10841,1117,277,Laptop,Electronics,South,2023-10-01,2,784.8165590407928,0.1046108432528935,Cash,1405.4324740014024
10842,1002,304,Laptop,Accessories,West,2024-03-14,4,233.490701234747,0.22909410975696595,Card,719.9974275953717
10843,1122,368,Tablet,Electronics,South,2024-07-15,1,741.0996616502836,0.02908541778801441,UPI,719.5444683686289
10844,1049,321,Phone,Accessories,North,2023-04-28,3,1157.2421834944023,0.10536510589154642,Card,3105.9277148650503
10845,1011,318,Tablet,Accessories,West,2024-12-14,3,424.4833189363871,0.2511719998546378,UPI,953.5949844426021
10846,1192,389,Monitor,Accessories,South,2024-04-27,1,747.1399438606046,0.020039123178651596,Cash,732.1679144938911
10847,1053,313,Monitor,Electronics,West,2024-01-30,3,1488.4231556254117,0.28270305230140724,UPI,3202.924159242046
10848,1132,209,Monitor,Electronics,North,2024-12-03,1,1045.643113863354,0.2958950526816039,Cash,736.2424896006006
10849,1056,348,Monitor,Electronics,North,2024-04-04,2,1269.967318392538,0.026570452147524026,UPI,2472.447425060539
10850,1144,363,Monitor,Electronics,South,2024-11-23,4,651.5290295127913,0.08738175667672109,Card,2378.3891135523377
10851,1111,339,Phone,Electronics,West,2023-03-19,2,1163.3983385324902,0.11172019981060684,Card,2066.8464873846247
10852,1046,290,Laptop,Accessories,South,2024-02-16,2,108.73830076491666,0.2329174105958178,Cash,166.82251463632608
10853,1150,201,Tablet,Electronics,South,2023-03-16,1,228.22121468625522,0.17877804363502015,Card,187.4202724086386
10854,1084,317,Tablet,Electronics,West,2023-10-22,3,344.45235973409007,0.1933097101477702,Cash,833.5991217425329
10855,1141,212,Monitor,Electronics,South,2023-01-21,2,632.8302906920684,0.22725294684555178,Cash,978.0354845583374
10856,1065,380,Tablet,Electronics,North,2023-06-20,2,1276.3300735723567,0.03539369983110772,Cash,2462.312060125842
10857,1074,359,Monitor,Accessories,West,2023-01-15,2,552.0857736424991,0.2499628370730787,UPI,828.1696947102691
10858,1178,294,Phone,Electronics,West,2023-07-30,3,999.2007305974212,0.2116859412540432,Cash,2363.0519503175356
10859,1102,343,Phone,Accessories,West,2024-07-13,3,1078.505727465051,0.17320251755891108,Card,2675.117460799198
10860,1165,231,Laptop,Accessories,West,2023-03-27,1,899.964413428095,0.266920600434917,UPI,659.74537182581
10861,1191,231,Phone,Accessories,South,2023-05-29,2,568.0008538466975,0.21009190616514214,Card,897.336943517233
10862,1037,323,Phone,Electronics,South,2024-11-30,4,886.7273454846392,0.06050998878930762,Cash,3332.2859350007648
10863,1049,210,Laptop,Accessories,North,2024-01-07,3,546.285109545132,0.12892361432270003,Cash,1427.5681763157042
10864,1097,209,Tablet,Electronics,East,2024-04-24,1,171.6169209004175,0.14821286008072,Card,146.18108621551994
10865,1081,214,Monitor,Electronics,East,2023-05-31,2,1489.565768369721,0.016565288025121694,UPI,2929.7813647686294
10866,1029,216,Monitor,Electronics,North,2023-05-21,4,234.41455776714082,0.28639125400801674,Card,669.1211144418987
10867,1078,367,Tablet,Electronics,East,2023-03-10,3,154.90515656228314,0.03857317823906354,Cash,446.7899170441684
10868,1090,345,Laptop,Electronics,North,2023-09-17,4,1323.869586350376,0.20923838016801805,UPI,4187.461034194877
10869,1178,382,Tablet,Accessories,South,2024-06-04,3,487.66025829469794,0.15186931082726404,Cash,1240.7988928489096
10870,1190,352,Phone,Accessories,West,2024-09-24,1,992.9306124065861,0.007689674965326776,Cash,985.2952987340566
10871,1051,258,Laptop,Electronics,West,2024-01-06,4,527.0583080102376,0.2774242427593085,Card,1523.35822408198
10872,1165,277,Laptop,Accessories,South,2024-02-23,2,617.6086926519831,0.25555104264567996,Cash,919.5562945954671
10873,1078,323,Laptop,Electronics,West,2023-04-11,2,430.06380942435493,0.15727737837115066,Card,724.8490018915645
10874,1029,313,Monitor,Accessories,West,2024-10-22,3,547.4138083998648,0.06868270084183357,UPI,1529.4478486825442
10875,1105,221,Tablet,Accessories,East,2024-10-19,2,645.5155808504875,0.03648686720402827,Cash,1243.9254791477292
10876,1050,357,Laptop,Accessories,South,2023-08-31,4,1094.6033001838973,0.10901774382963798,Cash,3901.088472037491
10877,1080,371,Laptop,Accessories,East,2024-05-26,1,791.7274816404481,0.07662848431382714,UPI,731.0586047327371
10878,1132,231,Laptop,Accessories,East,2024-07-08,3,1418.1695648776165,0.1520073603018896,Card,3607.7920585802717
10879,1028,378,Tablet,Electronics,West,2023-04-05,4,110.7265710662245,0.28992278883702866,Cash,314.497659137373
10880,1131,373,Monitor,Electronics,West,2023-08-14,3,779.4490678164408,0.17248604796889241,UPI,1935.0149355472372
10881,1137,312,Phone,Accessories,South,2024-06-01,1,897.1259438059913,0.26697931676702935,Cash,657.6118722746913
10882,1183,319,Monitor,Electronics,West,2023-08-02,3,1384.2856298076972,0.19526365124873316,Card,3341.9548900808827
10883,1144,348,Laptop,Accessories,West,2024-12-18,2,121.27985925107,0.14257395797616013,Card,207.97701938970664
10884,1073,321,Monitor,Electronics,South,2023-03-08,2,881.5743981560632,0.25638226882001136,Card,1311.1087076463514
10885,1016,231,Monitor,Accessories,West,2024-01-31,3,1287.7633963655378,0.14141043305189924,Card,3316.980650451307
10886,1083,318,Phone,Accessories,East,2024-09-03,1,400.79520577289304,0.2605884511531083,UPI,296.35260387094354
10887,1068,238,Tablet,Accessories,South,2023-01-12,1,1320.6239053597094,0.08747303087272958,Cash,1205.1049297149148
10888,1033,211,Tablet,Electronics,West,2023-08-25,2,77.61294344772314,0.03864392212889643,UPI,149.22734980986976
10889,1005,374,Monitor,Electronics,North,2024-02-03,1,1112.0592122439082,0.2565943393088815,Card,826.7111134058274
10890,1052,217,Monitor,Accessories,South,2024-02-11,3,1403.014170694547,0.17622454913780003,Card,3467.305893089868
10891,1193,348,Tablet,Accessories,South,2024-04-24,4,1002.9366093780902,0.26672771947468804,Card,2941.702459123985
10892,1125,340,Tablet,Electronics,North,2024-10-08,3,686.5924037716495,0.28134816209771496,Card,1480.262678580731
10893,1042,348,Phone,Electronics,West,2023-08-10,2,115.07747388544114,0.01608851711143475,Cash,226.45209595538907
10894,1114,325,Laptop,Electronics,West,2023-06-05,2,1384.1650293178118,0.1502907905576605,Card,2352.2755455987412
10895,1110,335,Monitor,Electronics,South,2024-10-15,2,731.9295229027834,0.11248936472235878,Cash,1299.1904716998204
10896,1150,245,Tablet,Electronics,South,2024-03-03,1,92.04527928712461,0.18775751912103514,Card,74.76308600137129
10897,1182,303,Monitor,Accessories,West,2023-06-07,3,1050.2405534267048,0.23807735916069706,Cash,2400.606167950218
10898,1079,334,Monitor,Electronics,West,2024-02-20,4,748.6640176855743,0.08417706479231069,Cash,2742.5747126447363
10899,1094,350,Tablet,Accessories,East,2023-11-22,3,230.30071029149556,0.1670395153119515,Card,575.494173805218
10900,1117,285,Phone,Accessories,South,2024-01-06,4,360.6941234998764,0.21261857397146985,UPI,1136.0154132857738
10901,1143,349,Monitor,Electronics,South,2023-12-10,3,143.51148666097708,0.0403293248507202,UPI,413.17129588685026
10902,1007,288,Phone,Electronics,North,2023-09-19,2,882.7256325774316,0.24422007178538005,UPI,1334.2926304451526
10903,1131,221,Tablet,Accessories,East,2023-10-10,4,951.9427449154134,0.18183287995589192,UPI,3115.3930162173074
10904,1103,291,Laptop,Electronics,West,2023-08-17,3,783.3263326153943,0.2848612311340955,UPI,1680.5610873804515
10905,1131,228,Laptop,Accessories,East,2023-10-07,1,1234.7980928537916,0.10185867573920798,Card,1109.0231943104047
10906,1183,212,Monitor,Electronics,West,2023-10-17,1,1298.4627908966197,0.03244378270115959,Card,1256.3357462632287
10907,1024,201,Tablet,Electronics,West,2024-11-10,3,942.6553751905336,0.1519503603110776,Card,2398.255653843474
10908,1194,228,Phone,Electronics,East,2023-02-16,2,68.49689557577429,0.025743231512831654,Card,133.46712827011376
10909,1095,379,Monitor,Accessories,South,2024-12-15,4,1058.0830008342168,0.290857956997202,Card,3001.324563512431
10910,1194,226,Tablet,Electronics,West,2023-08-02,3,656.0988645345097,0.01160548747715746,Card,1945.4535521351318
10911,1154,249,Tablet,Accessories,East,2023-01-24,1,870.0583506782611,0.2260511703321924,Cash,673.3806422501432
10912,1092,294,Phone,Electronics,North,2023-11-17,4,991.1668729273824,0.1575307194426732,Cash,3340.1105693895493
10913,1159,350,Monitor,Accessories,East,2023-10-01,1,557.8430907742613,0.1105861957494866,Card,496.15334554040027
10914,1177,287,Tablet,Electronics,North,2024-07-09,1,1379.7928324991017,0.019752649352596397,Card,1352.538268499521
10915,1060,243,Tablet,Accessories,West,2023-11-09,3,244.26355678718275,0.18665007725208232,Cash,596.0152351289601
10916,1121,221,Tablet,Accessories,East,2023-12-29,1,1023.6921205575043,0.17556609881728658,Cash,843.9664885612278
10917,1050,370,Phone,Accessories,East,2024-10-29,4,56.32139093704162,0.08426498192027992,Card,206.30187979202717
10918,1146,364,Monitor,Accessories,North,2024-01-15,2,1390.7441028375122,0.2730665104230936,Cash,2021.9569275683534
10919,1020,388,Monitor,Accessories,East,2024-12-11,3,213.13099319523266,0.09123300220285106,UPI,581.0592384706684
10920,1004,296,Monitor,Accessories,East,2024-11-04,4,187.5821337139832,0.13491762317763184,UPI,649.0959923308154
10921,1091,383,Monitor,Electronics,West,2024-04-14,3,532.8610679257541,0.1631287367755967,UPI,1337.8083451143914
10922,1169,202,Laptop,Accessories,East,2024-11-05,1,591.6711147566668,0.030069563452885827,Cash,573.8798226282515
10923,1060,390,Laptop,Accessories,South,2023-04-26,1,360.735104868174,0.27964851576408967,Card,259.8560682077859
10924,1021,317,Monitor,Accessories,North,2024-08-27,4,898.4264083443309,0.11236084573531233,Card,3189.913829087291
10925,1148,218,Phone,Electronics,East,2023-02-11,4,692.2254421608471,0.024233764162303082,Card,2701.8008561935007
10926,1069,222,Laptop,Electronics,North,2024-01-14,2,99.55460410957676,0.11618735210259898,Cash,175.97523653692502
10927,1000,356,Tablet,Electronics,North,2024-12-22,4,513.4954902701859,0.1800607641277742,Cash,1684.1403996638808
10928,1132,229,Laptop,Accessories,North,2023-07-25,4,1225.127724681097,0.15409580154639888,UPI,4145.36274379859
10929,1011,238,Tablet,Electronics,East,2024-04-10,3,1050.0672255497093,0.2083625922111822,Cash,2493.817489314503
10930,1089,307,Monitor,Electronics,East,2023-10-07,1,1101.0627376908267,0.01664518262037319,UPI,1082.7353473454748
10931,1045,310,Laptop,Accessories,North,2024-10-09,4,1062.2695399211093,0.08536218308161683,UPI,3886.367571889355
10932,1033,224,Phone,Accessories,South,2024-09-09,2,500.91088100539827,0.24576917305203066,Card,755.6048560158748
10933,1176,327,Laptop,Electronics,North,2023-04-28,4,194.51268701132503,0.023968106337408257,Cash,759.4023449802504
10934,1077,310,Laptop,Accessories,South,2023-08-25,1,445.0774168479892,0.25664578640878727,Card,330.8501731882454
10935,1044,335,Laptop,Accessories,North,2023-11-05,4,1256.088685268481,0.027568827623131873,Card,4885.839171299792
10936,1154,305,Monitor,Accessories,West,2024-03-31,3,1471.6826567854532,0.25033626446750884,Cash,3309.8013540124916
10937,1072,385,Phone,Accessories,North,2024-04-19,1,766.078171375264,0.108236520323618,Cash,683.1605358097252
10938,1025,343,Laptop,Electronics,North,2023-04-10,4,64.06551463841122,0.18366271897716474,UPI,209.19627210899708
10939,1046,271,Phone,Accessories,East,2023-09-18,3,253.0649775946321,0.04586613469439945,UPI,724.3735957375246
10940,1120,328,Monitor,Electronics,South,2023-11-01,1,517.0168342085854,0.019850616517554254,UPI,506.7537312995908
10941,1055,307,Tablet,Electronics,West,2023-12-20,4,888.9487554597771,0.06478146120604052,UPI,3325.445424575206
10942,1093,204,Laptop,Electronics,South,2023-10-13,3,158.88578641770525,0.03835614537260866,Card,458.37462028867947
10943,1106,202,Phone,Electronics,West,2023-11-24,2,1417.8680831293284,0.09372176930388953,Card,2569.965955477867
10944,1062,392,Phone,Accessories,North,2023-04-13,3,579.3713262623811,0.15431497395330604,Cash,1469.8969654227283
10945,1047,331,Monitor,Accessories,East,2023-03-04,2,1373.2471159909933,0.17662783906950286,UPI,2261.3868907701544
10946,1060,303,Laptop,Accessories,East,2024-11-17,4,1181.7566139976816,0.23696043221392285,UPI,3606.908223892516
10947,1080,263,Tablet,Electronics,South,2023-10-09,3,1145.3840451475926,0.1968719679745076,UPI,2759.6701022783514
10948,1025,305,Phone,Electronics,East,2024-03-16,2,929.7433906842364,0.1826274975388659,Card,1519.8933637805483
10949,1035,297,Laptop,Electronics,South,2023-10-20,1,958.8365347251747,0.12353460824573238,Cash,840.3870390362047
10950,1000,209,Tablet,Accessories,South,2023-01-07,3,975.1046910635598,0.1421425304880416,Card,2509.5025283550763
10951,1007,348,Phone,Electronics,West,2024-09-30,4,961.646011187094,0.12435624881705432,Cash,3368.237282183936
10952,1112,327,Phone,Accessories,South,2023-04-02,1,852.9059355276238,0.25264980901841494,Cash,637.4194138058971
10953,1098,245,Tablet,Accessories,West,2023-07-09,2,1480.300326800189,0.06900013576451995,Card,2756.3188065574254
10954,1179,354,Tablet,Accessories,East,2024-04-20,3,1111.8213227672593,0.0017162794625893874,Card,3329.7393799947745
10955,1046,265,Monitor,Accessories,South,2024-05-25,3,1176.5722631691558,0.19539596916787177,Cash,2840.024356533547
10956,1126,368,Laptop,Electronics,South,2024-04-06,4,1315.0710818713276,0.06073865509164941,Card,4940.781732034171
10957,1055,311,Laptop,Accessories,North,2023-02-22,1,362.6776559524813,0.26703454089294276,Card,265.8301946030818
10958,1013,212,Monitor,Electronics,South,2024-04-30,3,171.51603068783814,0.2577138989119968,Cash,381.9418970800971
10959,1027,336,Phone,Accessories,South,2024-10-05,3,750.1969330679681,0.023018211578461765,Cash,2198.7862240112895
10960,1077,363,Tablet,Electronics,North,2024-05-04,1,795.4170086479461,0.031916521624223204,UPI,770.030064491159
10961,1129,285,Tablet,Electronics,North,2023-12-30,3,1252.3135809273806,0.14855147767399987,Card,3198.8416439082
10962,1108,289,Tablet,Accessories,East,2023-04-22,1,693.4861899593867,0.1827667988308064,Cash,566.7399389871371
10963,1153,257,Phone,Accessories,South,2024-02-13,1,877.7368870392535,0.08247250124467222,Card,805.347730530414
10964,1013,253,Tablet,Accessories,East,2023-01-07,1,814.2528608445145,0.2150393150098112,Card,639.156483403731
10965,1186,211,Tablet,Electronics,East,2024-10-29,4,105.39403644821704,0.17847480627566145,Cash,346.335424842046
10966,1055,213,Monitor,Accessories,North,2023-07-16,1,942.0616000655252,0.0974472329245664,UPI,850.2603038946503
10967,1114,320,Phone,Accessories,West,2024-01-02,1,1250.6627643726658,0.007611446412694678,Cash,1241.1434117612907
10968,1006,361,Laptop,Electronics,East,2023-09-07,2,278.37579470991557,0.22504508438955528,Cash,431.4573809948262
10969,1002,380,Monitor,Accessories,West,2024-08-17,2,911.7810141935639,0.0644260997475248,Card,1706.07703925046
10970,1110,320,Monitor,Electronics,South,2023-08-28,4,910.7352894473008,0.2503421230387885,UPI,2730.9595342428715
10971,1150,219,Laptop,Accessories,North,2024-01-15,1,288.06819788172015,0.12608707801627655,Cash,251.7465205413995
10972,1106,274,Monitor,Electronics,South,2024-04-15,2,229.02218190956722,0.17312323278952962,Card,378.74624279374245
10973,1017,343,Phone,Electronics,South,2024-12-01,2,1471.075317315903,0.26188461912270056,Cash,2171.6466362796436
10974,1037,269,Tablet,Accessories,North,2024-03-30,3,620.8927959969044,0.259086900275986,Card,1380.0828182351288
10975,1114,255,Phone,Electronics,South,2024-01-01,1,379.76150664911745,0.11145587257307198,Cash,337.43485655587557
10976,1014,300,Laptop,Accessories,North,2023-10-17,2,298.42058945884366,0.06266666781445293,UPI,559.4391310204661
10977,1191,385,Laptop,Accessories,West,2024-02-07,4,1018.0224846956909,0.2325438233185784,Cash,3125.1505755211037
10978,1118,331,Monitor,Electronics,South,2023-02-27,3,933.6956811245543,0.12992406108063934,Card,2437.1584392581954
10979,1027,310,Phone,Accessories,North,2024-06-04,3,983.1505783317554,0.05761259806770122,Cash,2779.5261576669
10980,1038,324,Phone,Electronics,East,2023-10-31,1,177.60873989160575,0.27132760269514505,UPI,129.4185862791108
10981,1184,331,Laptop,Electronics,South,2023-04-25,1,1345.6251460727335,0.05943125827232621,UPI,1265.6529504787482
10982,1016,219,Phone,Electronics,West,2023-07-29,3,614.43627537312,0.007742150457369323,UPI,1829.037651848147
10983,1085,337,Laptop,Electronics,North,2023-02-10,4,504.385639324019,0.0060839921302259905,UPI,2005.2678442550905
10984,1125,223,Phone,Electronics,South,2023-06-22,1,720.4240985092218,0.1866946069362793,Card,585.9248046106194
10985,1043,353,Phone,Electronics,South,2023-08-22,1,615.595795334061,0.1985025182152591,Cash,493.3984797575246
10986,1024,236,Phone,Electronics,South,2024-08-12,3,1302.1866545517614,0.09331251151709517,UPI,3542.0290420544775
10987,1144,253,Laptop,Electronics,West,2024-09-11,3,1397.4284140369434,0.09600329677411902,Cash,3789.8120378507047
10988,1012,302,Monitor,Accessories,North,2024-02-07,1,490.007163851929,0.10184817451798282,Card,440.10082871287597
10989,1024,348,Phone,Accessories,East,2023-02-08,2,1302.7069208169344,0.20404756402766358,Cash,2073.7854939645213
10990,1067,237,Laptop,Electronics,East,2023-04-29,1,1183.2085378229474,0.017440137308048574,Cash,1162.5732184592598
10991,1137,373,Laptop,Accessories,East,2023-12-01,2,1399.6711248999047,0.2787349058073977,UPI,2019.067851479191
10992,1066,203,Phone,Accessories,North,2023-12-02,3,406.33795266953734,0.06675631325323393,UPI,1137.636987043356
10993,1108,387,Phone,Accessories,East,2024-06-22,2,886.5907676754197,0.29990196157262766,Card,1241.400914674759
10994,1145,256,Monitor,Accessories,West,2024-09-07,4,448.0896478736447,0.05145680813615609,Cash,1700.1295393408514
10995,1110,372,Laptop,Accessories,North,2023-03-15,3,1244.9370112023425,0.23146393719371322,Card,2870.336967093823
10996,1110,219,Laptop,Accessories,South,2023-07-10,1,57.72007632804318,0.06702376347888751,Card,53.85145958424908
10997,1033,216,Tablet,Electronics,West,2023-11-20,1,868.9877861852743,0.024254040492976192,Card,847.911321231235
10998,1110,318,Laptop,Accessories,South,2023-05-27,3,541.844975344281,0.26247999730519467,UPI,1198.8645230282425
10999,1007,270,Monitor,Accessories,East,2023-10-11,3,517.8913752628393,0.25762537775726757,UPI,1153.4082422205586
11000,1167,203,Tablet,Accessories,West,2023-08-01,4,985.1141696041296,0.1210711177348804,Cash,3463.3811839747564
11001,1112,213,Tablet,Accessories,North,2024-09-26,3,1284.652451505291,0.21071884276212804,Cash,3041.855920717696
11002,1082,202,Tablet,Electronics,West,2024-12-18,1,933.333317520323,0.16711977980517514,Cash,777.3548590114931
11003,1041,279,Phone,Electronics,South,2024-01-29,4,1287.1008190377477,0.25588683410212465,UPI,3830.9946611357072
11004,1168,385,Phone,Electronics,North,2023-12-05,1,433.66581222749346,0.09451679079559633,UPI,392.67711137798506
11005,1100,254,Laptop,Electronics,West,2023-01-22,2,803.2776894092226,0.15710171999969555,Card,1354.162765531305
11006,1005,331,Tablet,Accessories,West,2023-04-15,3,703.2779816472603,0.14561171136136514,UPI,1802.617413530508
11007,1179,319,Monitor,Electronics,West,2024-04-10,2,66.88510427948951,0.10617174787705762,Card,119.56759170239368
11008,1025,223,Phone,Electronics,West,2024-04-03,1,857.3776075540732,0.26743651936691165,Card,628.0835244066818
11009,1063,361,Monitor,Electronics,North,2024-03-07,2,1009.2102700119536,0.04976337739876064,UPI,1917.9771169412872
11010,1186,357,Monitor,Electronics,South,2024-12-16,2,908.2758864076516,0.044852591856208844,Card,1735.0747175635458
11011,1183,281,Phone,Accessories,West,2024-09-10,1,1117.6058532359611,0.1730728605968254,Card,924.1786111966576
11012,1058,346,Phone,Electronics,North,2023-08-09,1,878.4423162569618,0.1972482689954826,Cash,705.1710899628938
11013,1108,358,Phone,Accessories,South,2024-01-14,3,146.78786953359753,0.058385776297369546,Card,414.6526374595243
11014,1197,387,Phone,Electronics,West,2023-08-10,2,218.84600992283157,0.11721523267638723,UPI,386.38784789885585
11015,1120,259,Tablet,Accessories,South,2023-09-15,4,914.888137438731,0.2839691528936231,UPI,2620.3525122313195
11016,1032,346,Tablet,Accessories,South,2024-12-13,4,448.71982836177824,0.0739852268072022,Card,1662.084760350173
11017,1180,248,Tablet,Electronics,North,2024-01-02,1,165.48543710041048,0.2005082106352182,Cash,132.30424822122023
11018,1149,262,Tablet,Electronics,South,2023-12-15,1,672.9239780003928,0.22204481810927723,UPI,523.5046957039243
11019,1020,309,Laptop,Electronics,North,2023-08-13,2,853.7677672213002,0.13443860983954786,UPI,1477.9768309405079
11020,1197,349,Tablet,Electronics,West,2024-12-14,1,526.6816831069295,0.2812577960278749,Cash,378.54835370802294
11021,1069,351,Phone,Accessories,South,2023-08-24,4,1094.628868227378,0.22099702056563714,Card,3410.8765988959685
11022,1111,308,Monitor,Accessories,South,2023-07-02,3,983.4673817468048,0.13737737395826935,UPI,2545.083646406442
11023,1003,275,Tablet,Electronics,East,2024-12-12,3,532.5866235829244,0.1708005605328282,Card,1324.8615892280236
11024,1093,229,Laptop,Electronics,West,2024-03-19,2,1144.5651669174129,0.2077840330275302,Card,1813.485600944969
11025,1074,257,Phone,Accessories,West,2024-09-14,3,990.6078116729014,0.17765705412876545,Card,2443.858038162453
11026,1189,316,Monitor,Electronics,East,2023-01-06,1,974.295799140958,0.26360927514782273,Card,717.4623897498413
11027,1061,358,Monitor,Accessories,East,2023-08-24,1,852.4701661412487,0.10706659868412034,UPI,761.1990849728181
11028,1093,299,Tablet,Electronics,North,2023-05-07,1,66.51501872840156,0.08996572201674148,Cash,60.53094704354383
11029,1094,391,Monitor,Accessories,North,2023-04-14,1,1059.9354160414891,0.06415166684857929,UPI,991.9387923505852
11030,1151,218,Tablet,Accessories,South,2024-04-24,2,595.2605971082769,0.01133489041937854,Cash,1177.0267669381615
11031,1054,375,Tablet,Accessories,South,2023-06-04,3,1416.7840797300505,0.0129041893140166,Card,4195.504889244387
11032,1136,372,Phone,Accessories,South,2023-09-14,4,1236.0779180619477,0.26101655793278483,Cash,3653.7644582107814
11033,1130,293,Phone,Accessories,South,2023-08-23,3,902.1569808204027,0.2035179439217722,Card,2155.655540967482
11034,1030,382,Laptop,Electronics,North,2024-05-14,1,415.6638736379407,0.19815972463094583,UPI,333.29603489881407
11035,1039,312,Phone,Accessories,West,2023-10-16,4,345.39022025261653,0.1843928456804658,UPI,1126.810938680135
11036,1035,382,Phone,Electronics,South,2024-05-24,2,543.5580146324462,0.25476574340823144,Cash,810.1561058982174
11037,1151,345,Tablet,Accessories,West,2024-07-05,1,741.0235181910268,0.14408007769968822,Card,634.2567921127674
11038,1005,262,Phone,Accessories,South,2024-12-09,1,479.2949895564733,0.2611232485674901,Card,354.1399248613657
11039,1065,315,Tablet,Electronics,East,2024-07-22,4,796.6477683191,0.10783350785467175,Cash,2842.9697797466224
11040,1074,312,Tablet,Electronics,South,2023-10-25,2,289.78711699411963,0.27801225130172713,Card,418.4454964006949
11041,1003,246,Phone,Electronics,South,2024-09-01,4,1467.683578596975,0.20959709402437202,Card,4640.245462303032
11042,1078,256,Laptop,Electronics,South,2023-05-17,2,206.49060469924112,0.07715314080732817,Card,381.11841199898043
11043,1133,317,Laptop,Accessories,North,2024-01-11,1,1401.3190024988394,0.16922547650658754,UPI,1164.1801265632375
11044,1117,244,Monitor,Electronics,East,2023-03-28,3,1374.6881165339075,0.15990916844647665,UPI,3464.588648837152
11045,1112,360,Monitor,Accessories,South,2024-02-23,1,811.7726986382721,0.04136964651910019,UPI,778.1899490417508
11046,1093,344,Phone,Electronics,South,2023-07-18,3,1101.1198941623222,0.17737287172518423,Card,2717.4332892630605
11047,1178,397,Laptop,Electronics,West,2024-04-07,3,682.2700320602523,0.09443568711508739,UPI,1853.518178353829
11048,1061,203,Tablet,Accessories,East,2024-03-12,2,963.5501374365354,0.015704630042880727,Card,1896.8358780006554
11049,1184,347,Monitor,Accessories,South,2023-11-06,4,543.8351092606222,0.28459684731196944,Card,1556.2454068299546
11050,1193,246,Tablet,Electronics,West,2024-08-18,2,486.68057868889576,0.19244711071928633,Cash,786.040614954055
11051,1078,342,Monitor,Accessories,West,2023-10-08,1,888.4331899457949,0.2630756795612541,Card,654.7080247560322
11052,1135,397,Phone,Accessories,North,2023-11-19,4,772.2880275667715,0.20281680150397594,UPI,2462.620159903458
11053,1025,246,Laptop,Accessories,West,2024-12-02,3,890.3277352674726,0.10709510764203388,UPI,2384.933971866943
11054,1178,277,Monitor,Accessories,South,2023-06-01,3,465.65784286618333,0.15380642169864342,Card,1182.1100289570795
11055,1172,323,Laptop,Accessories,North,2023-10-29,1,582.0888561346432,0.2027240281041531,UPI,464.0854585044894
11056,1043,274,Tablet,Accessories,North,2023-10-05,4,171.6520429119185,0.2880756975604313,Card,488.813043649578
11057,1132,302,Phone,Accessories,South,2024-10-12,1,125.80073979469829,0.07610083773650894,Cash,116.22719810844917
11058,1069,336,Laptop,Accessories,East,2024-11-18,1,417.5128380258736,0.2624931175872353,Card,307.9185915397676
11059,1153,289,Phone,Electronics,West,2023-01-08,2,157.65794602929134,0.2772233415882808,Card,227.90296680621273
11060,1117,343,Laptop,Accessories,North,2023-08-23,1,200.473327520374,0.20112465439768695,Cash,160.15319880688446
11061,1067,268,Tablet,Electronics,East,2024-11-05,4,1228.7461878212087,0.27937998822040133,UPI,3541.8363693674255
11062,1018,260,Tablet,Accessories,South,2024-07-14,1,106.36686067419949,0.11936357624321053,Cash,93.67053179036371
11063,1019,337,Phone,Accessories,West,2023-10-29,4,1005.467051205377,0.2859048528121328,Cash,2871.9965676922175
11064,1112,249,Tablet,Accessories,West,2023-02-07,3,445.20873578233073,0.21083486314979247,Card,1054.0296387017129
11065,1139,202,Monitor,Accessories,North,2023-05-16,1,1313.7412370267834,0.01260173022564357,Card,1297.1858243714687
11066,1046,306,Laptop,Electronics,West,2024-02-25,4,753.2388126373744,0.27206184954571583,Cash,2193.2450724865253
11067,1000,312,Tablet,Electronics,West,2023-08-07,3,493.0858660253473,0.14534184270995776,UPI,1264.259572928964
11068,1089,293,Monitor,Accessories,West,2023-12-14,4,800.5764567496801,0.13809809543334986,Cash,2760.073491295079
11069,1141,317,Phone,Electronics,West,2024-06-29,3,603.8391276156398,0.16993998179389028,UPI,1503.668151786598
11070,1063,397,Monitor,Accessories,South,2023-03-20,2,868.2365437712538,0.04481536403136838,Cash,1658.6524139936157
11071,1037,280,Phone,Accessories,East,2023-09-30,1,216.07265907320493,0.1407498145702196,Cash,185.66047237495707
11072,1036,308,Phone,Electronics,South,2023-06-10,1,1495.636229078199,0.2493381650153237,UPI,1122.7170361894025
11073,1125,250,Laptop,Electronics,South,2024-11-17,3,667.0560226602404,0.004644737741254601,Cash,1991.8731671287776
11074,1138,346,Laptop,Accessories,North,2023-11-04,2,554.9344275756846,0.08187514809731139,Card,1018.9981782672573
11075,1099,369,Monitor,Accessories,West,2024-01-09,4,1079.804280058584,0.000736375933153266,Cash,4316.036552696932
11076,1076,234,Laptop,Electronics,South,2023-01-09,2,577.6541394182321,0.1247133927449545,Card,1011.2258637164349
11077,1002,245,Laptop,Accessories,West,2024-03-19,4,1258.2477422916986,0.2184946531481204,UPI,3933.309353061073
11078,1160,353,Laptop,Electronics,South,2023-04-23,4,708.6925503226166,0.23963154873438855,UPI,2155.4698276491376
11079,1133,268,Monitor,Accessories,South,2023-07-24,1,1093.3596992348805,0.283556928338102,Card,783.3299813511668
11080,1177,292,Tablet,Accessories,North,2024-02-09,3,205.80716384073548,0.18255138389123596,Cash,504.7103438006367
11081,1009,263,Laptop,Electronics,East,2024-11-28,1,1276.872819054912,0.07638805999586863,Card,1179.3349815458516
11082,1004,364,Laptop,Electronics,East,2023-07-16,1,1116.7910808282593,0.27724438474100965,Card,807.1670247397814
11083,1150,248,Monitor,Electronics,South,2023-04-25,1,356.98932876985026,0.2325947261641128,UPI,273.9554936011165
11084,1137,348,Tablet,Accessories,North,2023-05-01,4,260.6647141313906,0.17232854490094335,Card,862.9789729524308
11085,1171,273,Laptop,Accessories,West,2024-10-14,1,508.6239056521554,0.20869206471568078,Cash,402.4781326178534
11086,1129,391,Phone,Accessories,West,2023-03-06,4,1465.3023497462614,0.2772949065022287,Card,4235.925886703503
11087,1012,204,Monitor,Accessories,South,2023-10-03,3,422.405783122235,0.21371820854187648,UPI,996.3899276268677
11088,1167,299,Laptop,Electronics,East,2023-08-27,4,711.3844529726183,0.1105123522754202,Cash,2531.070734809805
11089,1129,269,Laptop,Accessories,North,2023-10-29,4,93.52932729013764,0.213908460686729,UPI,294.0904514417561
11090,1083,289,Phone,Accessories,East,2024-01-27,2,625.9799178710372,0.01208344882061636,Card,1236.8318431414177
11091,1064,203,Phone,Accessories,West,2024-06-05,1,878.414022377999,0.11592466854917437,Card,776.5841679848825
11092,1062,325,Monitor,Electronics,East,2024-01-04,1,1432.0306881365493,0.12189690955367377,UPI,1257.4705728666831
11093,1100,238,Monitor,Accessories,West,2023-08-21,1,799.2672651630934,0.0500514703262504,UPI,759.2627633580395
11094,1072,362,Phone,Accessories,North,2023-07-14,1,1237.7056229576472,0.006925644165531053,Cash,1229.1337142313655
11095,1016,328,Monitor,Electronics,North,2023-01-12,2,843.3350817249058,0.040014370991322844,UPI,1619.1791177895357
11096,1008,223,Phone,Accessories,South,2024-11-19,2,109.13826948150125,0.1963864487391165,UPI,175.40998463299306
11097,1142,256,Laptop,Accessories,South,2023-06-26,2,506.7619990251724,0.24068664490910624,Card,769.5823074247437
11098,1151,299,Phone,Electronics,East,2023-08-05,2,884.5467863550997,0.29646104781809224,Card,1244.6262384562813
11099,1037,269,Phone,Accessories,North,2023-01-11,1,1428.3612506001302,0.10390905093254828,UPI,1279.941588661443
11100,1162,240,Tablet,Accessories,North,2024-03-21,4,1295.7390216392882,0.17981376667833052,UPI,4250.989230104932
11101,1093,381,Phone,Accessories,South,2024-09-21,3,381.1156405593291,0.2811434900445366,Card,821.9023777857603
11102,1094,373,Phone,Electronics,West,2023-06-13,2,369.1592535277871,0.05011253440144579,Cash,701.3194954715276
11103,1048,259,Tablet,Accessories,East,2024-07-04,4,341.7008023151561,0.2152936759028228,Cash,1072.5391221031296
11104,1068,307,Monitor,Accessories,East,2023-02-22,2,1387.6233996386295,0.22649361994474895,Cash,2146.6711054688744
11105,1061,387,Tablet,Electronics,South,2023-08-06,1,1286.365921997495,0.026692660760801512,Cash,1252.0293928273602
11106,1187,256,Laptop,Electronics,North,2024-12-18,1,1173.5809767667756,0.2583748155549195,Card,870.3572083558977
11107,1177,230,Tablet,Accessories,South,2023-12-26,4,619.46591562513,0.24393151413325315,UPI,1873.434627491
11108,1077,283,Laptop,Accessories,South,2024-01-20,4,781.3520212332119,0.010020901973230334,Cash,3094.088676887394
11109,1116,351,Monitor,Accessories,South,2023-02-25,4,723.2810299529716,0.027325324464015442,Card,2814.0685645233575
11110,1119,235,Tablet,Accessories,South,2023-04-28,1,417.42725596109034,0.014738068167555695,UPI,411.2751846077401
11111,1136,357,Tablet,Electronics,West,2023-09-10,1,782.2906669157121,0.10042305953980867,Cash,703.7306446945989
11112,1161,351,Monitor,Accessories,West,2023-06-29,3,94.21999438649397,0.15278669720397783,UPI,239.47329790081267
11113,1075,307,Laptop,Electronics,North,2024-02-19,4,241.1250415713158,0.15970431838638863,Cash,810.4653246451167
11114,1034,305,Tablet,Electronics,South,2023-08-23,3,1335.5549144449722,0.0803000279308328,UPI,3684.9294525356395
11115,1000,357,Laptop,Accessories,West,2024-12-08,2,1139.9356621955637,0.27347906596808225,Cash,1656.3742440692272
11116,1039,285,Tablet,Accessories,North,2023-03-21,3,663.1591931356762,0.11047883696157396,Cash,1769.682410273013
11117,1063,334,Phone,Electronics,South,2024-10-08,2,799.868025311622,0.01366504678960575,UPI,1577.875582640458
11118,1149,362,Tablet,Electronics,East,2023-01-22,2,586.4983846419673,0.0900681334624159,UPI,1067.3471397170865
11119,1059,382,Monitor,Accessories,West,2024-04-21,3,1124.130807382975,0.15933282676324664,UPI,2835.0596045729844
11120,1063,213,Monitor,Electronics,North,2024-03-15,4,1187.0714098865153,0.1224665467764696,Card,4166.779494162554
11121,1092,319,Laptop,Accessories,East,2024-07-23,2,1156.7635257945808,0.08215275572977775,Card,2123.4644288457243
11122,1071,337,Tablet,Accessories,South,2023-04-03,4,1097.7870010099518,0.039396974929295225,UPI,4218.150056213826
11123,1010,279,Laptop,Electronics,South,2023-07-11,1,346.53129110455393,0.2457493500288689,Card,261.37145155094504
11124,1104,343,Laptop,Electronics,South,2023-04-13,2,540.0564698986942,0.2988435726372575,Cash,757.3281300166058
11125,1013,381,Phone,Accessories,West,2024-01-31,1,731.2758807263286,0.09886264005716462,UPI,658.9800165475956
11126,1059,305,Phone,Electronics,North,2023-01-07,3,529.6498375701007,0.11448631325298117,Card,1407.0365410549784
11127,1029,269,Monitor,Accessories,East,2024-10-01,4,1144.6632902295771,0.18541125740308712,UPI,3729.7193211398258
11128,1034,243,Laptop,Accessories,North,2024-07-20,3,527.5626101624343,0.21553244242066238,Cash,1241.5672567929153
11129,1164,272,Monitor,Accessories,West,2023-08-19,2,250.43652583873887,0.11760886044107738,Cash,441.9659428440447
11130,1004,244,Tablet,Electronics,North,2024-07-27,1,628.608655470041,0.27147885509454456,Card,457.9546973805132
11131,1082,383,Laptop,Accessories,West,2023-08-28,2,1470.8759275344514,0.1680011967686755,Cash,2447.5340228208556
11132,1122,306,Laptop,Accessories,South,2023-03-31,3,377.528048753685,0.1351170229217793,UPI,979.5527482098563
11133,1077,283,Tablet,Accessories,East,2023-08-20,4,937.6300554676822,0.19400182594797152,Card,3022.912450573016
11134,1153,281,Tablet,Accessories,South,2024-04-01,4,677.8109222675741,0.28584115447475195,UPI,1936.2586629240577
11135,1061,306,Monitor,Accessories,North,2023-08-21,2,152.98562309152362,0.23836568832651164,UPI,233.03819947850465
11136,1131,384,Monitor,Accessories,South,2023-12-20,2,757.4210786971862,0.012003939160537302,UPI,1496.6580842991932
11137,1088,220,Tablet,Accessories,East,2023-11-29,1,1068.138276540053,0.09969297322198789,Cash,961.6523959395653
11138,1041,395,Monitor,Accessories,South,2024-03-14,3,794.1689649503372,0.1411634054853668,UPI,2046.1841079814762
11139,1088,377,Tablet,Accessories,East,2024-01-10,2,1314.5537924325427,0.09435527166273157,Cash,2381.037424464592
11140,1145,360,Laptop,Accessories,East,2023-10-19,1,468.9586741534948,0.21005626824913695,UPI,370.45096509774874
11141,1039,206,Laptop,Accessories,South,2023-12-11,2,175.06129839074913,0.2478807449587743,Cash,263.3339466643999
11142,1071,269,Phone,Electronics,West,2024-10-25,4,1408.0201369041088,0.21940352855558146,Cash,4396.382202360138
11143,1038,326,Laptop,Accessories,North,2024-03-03,1,598.3847068159175,0.29679998604848257,Cash,420.7841341813279
11144,1103,342,Tablet,Accessories,West,2024-10-18,1,885.7880496077684,0.08176429436790873,UPI,813.362214772063
11145,1013,359,Monitor,Accessories,West,2023-05-10,2,1198.4045328887842,0.2624968485073264,UPI,1767.6542395371673
11146,1031,347,Phone,Electronics,South,2023-05-21,3,520.2548126195918,0.22998679955234586,Cash,1201.8092199405194
11147,1178,342,Monitor,Accessories,North,2024-02-19,4,1088.4385803575362,0.10865362726744383,UPI,3880.703122175451
11148,1124,375,Tablet,Electronics,North,2023-04-03,3,246.35733223585066,0.2202373630970906,Cash,576.3007290137791
11149,1165,398,Laptop,Accessories,West,2024-09-17,1,472.3759334479826,0.03122278692547409,UPI,457.6270403292143
11150,1096,348,Phone,Accessories,South,2023-10-11,3,259.83042239795384,0.2368000447021657,Cash,594.9077002774073
11151,1022,369,Tablet,Electronics,North,2024-10-16,1,1226.2843096819688,0.1596991807761308,Cash,1030.4477100271354
11152,1062,353,Phone,Accessories,West,2023-08-11,3,372.8413910788388,0.08768705181277595,Card,1020.4440861040837
11153,1142,319,Phone,Electronics,North,2024-04-07,2,1090.235155337555,0.19673319053525404,UPI,1751.4994295885988
11154,1152,327,Laptop,Electronics,South,2024-06-28,3,1417.7826760061962,0.1924859996143227,UPI,3434.6380811378226
11155,1144,341,Tablet,Accessories,South,2023-10-03,1,815.2697031498717,0.0628458668158799,Card,764.0333719666929
11156,1193,256,Monitor,Accessories,South,2024-11-12,4,833.0423287779971,0.00911922444345784,Cash,3301.782515243879
11157,1052,364,Phone,Accessories,North,2023-05-20,4,718.4986737418275,0.13008677607050215,Cash,2500.1259906552864
11158,1103,257,Phone,Accessories,East,2023-12-23,4,522.540707920782,0.17085356080332637,Card,1733.0510692313019
11159,1103,220,Monitor,Electronics,North,2024-12-13,1,739.6997948411298,0.2629815835111795,Card,545.1723714709149
11160,1178,281,Tablet,Electronics,East,2023-01-23,3,924.0709217868011,0.2784650386942783,Cash,2000.2484303855465
11161,1038,268,Phone,Accessories,South,2023-09-27,4,1479.6877796474562,0.15864156544702993,UPI,4979.791175645376
11162,1178,330,Phone,Electronics,West,2024-10-26,4,1409.758611011425,0.22614104513056346,Card,4363.81730134196
11163,1197,286,Phone,Electronics,East,2023-11-29,4,1300.1217895250265,0.13179098169839906,Card,4515.109850224176
11164,1133,364,Tablet,Accessories,South,2023-03-26,2,1339.2392767720446,0.2238246469718679,Card,2078.969036875364
11165,1066,248,Tablet,Electronics,South,2024-09-12,1,728.3813157734622,0.061440457481750074,Card,683.6292345111816
11166,1134,346,Monitor,Electronics,East,2023-01-31,1,1003.294274407324,0.11131942044105943,Card,891.6081372484674
11167,1178,314,Tablet,Accessories,West,2023-08-28,1,1347.8467482575104,0.19026839964408443,Card,1091.3941045010708
11168,1199,288,Tablet,Electronics,South,2023-12-29,1,619.778609237462,0.005447389682123649,Cash,616.4024336363009
11169,1041,284,Laptop,Accessories,East,2024-01-24,1,1444.5555936009298,0.2167383931016862,Cash,1131.464935497812
11170,1191,327,Monitor,Electronics,West,2024-10-14,2,652.8897900003153,0.25066065038045005,Card,978.4720212241616
11171,1014,339,Phone,Accessories,West,2024-10-29,3,921.5698648201627,0.11974249832818543,Cash,2433.656360467885
11172,1110,388,Tablet,Electronics,South,2023-10-26,2,1079.2168342449393,0.13438272515314928,UPI,1868.3774700558995
11173,1156,368,Phone,Electronics,North,2024-01-06,4,1428.3584189601106,0.25538466366495927,UPI,4254.310338163879
11174,1032,360,Phone,Accessories,North,2023-04-09,2,404.69359737578577,0.23269639059781,Card,621.0457159367942
11175,1154,377,Laptop,Accessories,South,2023-02-16,1,1131.8899184460313,0.0864448467100125,UPI,1034.0438679533556
11176,1163,316,Tablet,Accessories,West,2024-02-26,2,805.1825999089192,0.0971928319684617,UPI,1453.8492455440849
11177,1156,395,Monitor,Accessories,South,2024-04-24,1,439.40785389992953,0.203663469717179,Cash,349.9165257536906
11178,1037,326,Tablet,Electronics,East,2024-08-01,2,1176.0799177047663,0.16895942773444836,Cash,1954.7402556787838
11179,1184,270,Phone,Electronics,North,2023-03-03,1,850.7223062520775,0.04866887132894908,Cash,809.3186117924283
11180,1096,285,Monitor,Electronics,East,2023-04-19,4,1008.4120399420299,0.09297897276874992,Cash,3658.6036973623213
11181,1154,232,Tablet,Accessories,South,2024-11-09,1,518.2065494379565,0.2699949830635962,UPI,378.2933808990108
11182,1182,280,Phone,Electronics,South,2024-07-02,2,747.8472301500273,0.206452331016679,Card,1186.9048524823745
11183,1032,351,Phone,Electronics,West,2023-04-29,4,945.1636639326972,0.2957922953056558,Cash,2662.366137354165
11184,1195,260,Laptop,Accessories,West,2024-08-20,2,637.1206806912738,0.2301037589942308,UPI,981.0336342624975
11185,1085,260,Laptop,Accessories,West,2024-01-17,4,337.6401827791669,0.28259232964307707,Cash,968.9026277859512
11186,1065,297,Laptop,Electronics,East,2024-01-27,3,1444.3787138571909,0.06485657216114261,UPI,4052.103784721681
11187,1009,227,Phone,Accessories,West,2023-02-21,3,791.6279330617953,0.23144546244507772,Cash,1825.227720029601
11188,1004,385,Tablet,Electronics,South,2024-08-25,3,1114.1845369171658,0.006065256044339229,Card,3322.2801672603587
11189,1122,242,Laptop,Electronics,West,2023-10-16,2,646.0184306562843,0.20122800651346018,Cash,1032.0428593687325
11190,1073,368,Tablet,Accessories,North,2023-12-03,2,564.9410578372887,0.1407846834360724,Card,970.8120196992522
11191,1096,366,Laptop,Electronics,West,2023-07-23,4,640.3882327773313,0.10402802157602059,Cash,2295.0796475237657
11192,1117,285,Monitor,Accessories,East,2023-08-26,4,643.3351334891922,0.25872130568792673,Cash,1907.5625110318072
11193,1037,376,Monitor,Accessories,North,2024-01-17,4,839.0611681158327,0.2562803077972592,Cash,2496.1052547615172
11194,1140,216,Laptop,Electronics,North,2024-10-28,4,838.0313114729765,0.006690511469593074,UPI,3329.6978134867536
11195,1158,297,Phone,Electronics,North,2023-05-16,1,770.8730330301639,0.1828515367348293,UPI,629.9177143131595
11196,1046,397,Laptop,Electronics,East,2024-02-11,3,245.43938813028524,0.11034966729628692,Card,655.0656999261121
11197,1108,397,Laptop,Accessories,South,2024-05-22,1,769.3094438257701,0.12469830045013475,Card,673.3778636604582
11198,1179,297,Phone,Electronics,West,2023-12-28,1,295.20065560994465,0.24961222176563277,UPI,221.51496409647496
11199,1183,264,Monitor,Accessories,North,2024-01-16,1,232.8968901288595,0.09295193145830348,Card,211.2486743607497
11200,1014,273,Tablet,Accessories,North,2024-07-29,1,1402.3362901446933,0.282914643191286,Card,1005.5948189842156
11201,1156,284,Laptop,Electronics,North,2024-09-26,3,927.1775190641712,0.053890147911642226,UPI,2631.6353562643603
11202,1135,204,Phone,Accessories,South,2023-09-11,1,1006.2605842806472,0.19881672701045333,UPI,806.1991483943426
11203,1004,201,Laptop,Electronics,South,2024-04-21,4,632.6008219833775,0.2016315201041294,UPI,2020.1942265109892
11204,1156,221,Phone,Electronics,East,2023-04-24,2,1368.022293276553,0.07565854842837545,UPI,2529.039424699183
11205,1046,311,Tablet,Electronics,South,2023-01-20,4,974.999209890515,0.0974251826901606,Cash,3520.038934976677
11206,1067,256,Tablet,Electronics,West,2024-06-11,2,1165.2963108092017,0.25043954777398214,UPI,1746.920059414911
11207,1075,265,Monitor,Electronics,East,2023-05-25,4,584.415580090185,0.2285415764864857,Card,1803.4092883724402
11208,1172,273,Phone,Electronics,East,2023-07-27,4,1442.017227187732,0.09872876409442786,Cash,5198.594594178454
11209,1129,297,Phone,Electronics,West,2024-06-14,2,1239.6688707295568,0.16018696408048017,Cash,2082.180155724624
11210,1154,343,Monitor,Accessories,West,2024-01-11,3,1288.2252713710882,0.018504088875928637,Card,3793.1635093722607
11211,1094,311,Monitor,Electronics,West,2024-05-18,1,299.6816877673437,0.06262376471958876,Cash,280.9144922618323
11212,1114,378,Phone,Accessories,East,2023-06-15,4,442.89665141326833,0.14574616765811974,Card,1513.3846472046812
11213,1163,324,Monitor,Accessories,East,2024-07-03,3,464.15856954118675,0.025792120583763477,Cash,1356.56080723678
11214,1035,366,Tablet,Accessories,East,2023-06-30,1,442.8183737079632,0.25299970646758124,Cash,330.78545514139677
11215,1025,285,Laptop,Electronics,West,2024-09-08,3,1290.3418350512175,0.21540186303229436,Card,3037.199399498027
11216,1042,275,Tablet,Accessories,West,2024-09-03,3,96.23295305245856,0.2830901011945484,Card,206.9710699037635
11217,1026,287,Monitor,Accessories,North,2024-08-24,1,160.34498402212273,0.20804007178920814,Card,126.98680203512089
11218,1068,367,Phone,Electronics,South,2024-03-19,4,447.1765624133604,0.28212041167865565,Card,1284.0757061290285
11219,1147,237,Phone,Electronics,North,2023-11-28,3,339.81581324169326,0.1663537667072895,UPI,849.8585181667103
11220,1010,387,Tablet,Accessories,West,2024-05-17,4,386.19644013013016,0.18006558331859082,UPI,1266.6230114501402
11221,1073,258,Phone,Electronics,East,2023-03-20,4,1207.0176244172849,0.2930913163878783,Card,3413.0049598938126
11222,1103,337,Monitor,Electronics,West,2024-08-07,4,866.533561143468,0.1926387440592781,UPI,2798.4224969583065
11223,1037,298,Tablet,Electronics,South,2024-11-18,1,58.36745887480359,0.00923597065822398,Card,57.828378737240804
11224,1133,391,Phone,Electronics,North,2024-01-31,2,672.5180102710831,0.21714083298915698,Card,1052.9737786412193
11225,1199,262,Laptop,Accessories,North,2024-08-30,4,641.4331439330205,0.27164060764122466,Cash,1868.7754198153345
11226,1022,248,Laptop,Electronics,East,2023-04-13,2,215.22064069458813,0.23867407493829798,Card,327.706106738359
11227,1046,391,Monitor,Electronics,North,2024-02-06,2,1030.4055934721127,0.17514998178762678,Card,1699.8601450832068
11228,1089,231,Phone,Electronics,North,2023-08-12,3,1068.0409231502622,0.2013910539280549,Card,2558.8411079962148
11229,1045,334,Monitor,Accessories,West,2024-06-01,4,1095.2951676255416,0.2970575367755015,Card,3079.717932354353
11230,1106,220,Tablet,Accessories,North,2024-09-25,4,1106.2828710599586,0.027198626552801496,Cash,4304.773985552951
11231,1139,219,Laptop,Electronics,North,2023-08-24,4,50.076599051830364,0.20017344858997185,Card,160.21037410387265
11232,1140,353,Tablet,Electronics,North,2024-03-02,2,1433.185165577747,0.08501930837117815,Cash,2622.673508064989
11233,1103,326,Phone,Accessories,East,2023-04-26,1,1230.6027122292614,0.192027118975851,Card,994.2936187960081
11234,1189,267,Monitor,Electronics,East,2023-06-12,2,1360.7734600544636,0.18228707276518163,Cash,2225.4440986491754
11235,1110,309,Monitor,Electronics,West,2023-08-14,4,72.68277819577949,0.046037049632448625,UPI,277.34671011422455
11236,1103,315,Monitor,Accessories,North,2023-08-18,4,1404.095253889322,0.06202399372207174,Cash,5268.0306347076
11237,1059,342,Tablet,Electronics,East,2023-07-01,4,1224.1933665977517,0.18648887341296405,Cash,3983.5796992852534
11238,1170,319,Laptop,Electronics,East,2023-09-06,2,1263.967757290113,0.03846898419113224,Card,2430.6884032336375
11239,1099,278,Tablet,Accessories,West,2023-11-14,4,185.26670784685433,0.07955426253909685,Cash,682.1118061242062
11240,1067,315,Tablet,Accessories,South,2023-07-29,3,1121.2281419319665,0.2505736643214007,Cash,2520.8336936033943
11241,1132,291,Phone,Electronics,North,2024-10-17,4,1441.879199981032,0.09812745180049158,Card,5201.565073131048
11242,1119,213,Phone,Accessories,East,2024-01-27,1,1033.8936450563328,0.14641804688089888,UPI,882.5129568646113
11243,1036,354,Phone,Electronics,West,2023-04-06,3,877.3140367056794,0.2823421005437521,UPI,1888.8340462370384
11244,1071,324,Laptop,Electronics,West,2023-03-27,4,1421.1630327360456,0.06814472665108388,UPI,5297.273065374489
11245,1126,367,Laptop,Electronics,West,2024-02-19,3,692.2588265149323,0.1168878052074031,Cash,1834.0266349444478
11246,1105,257,Phone,Accessories,East,2024-01-29,4,918.9756711501941,0.1819373326630637,Card,3007.118755035516
11247,1091,227,Phone,Accessories,North,2024-11-26,1,740.690525566831,0.22660167885119165,UPI,572.8488089642156
11248,1030,225,Laptop,Electronics,South,2024-09-24,4,1402.6270209724337,0.2704960160138115,UPI,4092.8879993842784
11249,1121,312,Monitor,Electronics,North,2024-05-15,3,160.32285380998553,0.27464189627205454,UPI,348.87444367159117
11250,1136,390,Laptop,Accessories,West,2024-08-26,1,776.6235661967548,0.23299202231178687,UPI,595.6764709335811
11251,1050,265,Laptop,Accessories,West,2024-08-04,2,1046.0810400088856,0.06849925097799313,Card,1948.8505446119937
11252,1028,352,Laptop,Accessories,South,2023-05-13,1,1198.2644807122435,0.00744279901276974,UPI,1189.3460390181613
11253,1039,330,Phone,Electronics,North,2024-10-10,1,895.3770387939977,0.11513217910668713,Cash,792.290329195552
11254,1040,399,Monitor,Accessories,West,2023-11-10,1,1367.9307289761082,0.042464655296347,Cash,1309.842022100857
11255,1010,243,Laptop,Accessories,West,2024-11-29,3,1415.887597981614,0.21311629423148942,Card,3342.416640154342
11256,1150,296,Phone,Electronics,North,2023-08-09,1,143.2628736306961,0.19833917604771503,UPI,114.84823331655592
11257,1000,241,Tablet,Electronics,West,2024-03-13,4,633.4372823349928,0.013191492486436451,UPI,2500.3251967377682
11258,1045,205,Tablet,Electronics,North,2023-02-15,1,84.01558149567393,0.25097813373928535,Cash,62.92950764686885
11259,1100,366,Laptop,Accessories,West,2023-07-11,1,527.6541531929422,0.07462297988735468,Card,488.2790279317461
11260,1148,379,Tablet,Electronics,North,2024-06-03,4,828.4589160573731,0.12966812264731267,Cash,2884.136814887144
11261,1089,222,Monitor,Electronics,South,2024-01-14,4,1370.652649239426,0.20038012063672273,Card,4384.004424135144
11262,1109,288,Tablet,Electronics,West,2024-11-21,2,1277.5037675748342,0.12882563605567598,Card,2225.8570643069675
11263,1163,322,Tablet,Electronics,South,2023-11-30,1,234.8746036743793,0.13238634083998302,Card,203.780414337687
11264,1181,377,Monitor,Accessories,West,2023-02-08,3,184.89404337429878,0.01968839860072211,Cash,543.7613272483391
11265,1056,370,Laptop,Electronics,West,2023-10-20,1,904.4376411971672,0.12043306477800114,Card,795.5134441672061
11266,1000,346,Laptop,Accessories,East,2024-11-20,1,821.5710600652349,0.22945436796599503,Cash,633.0579917388138
11267,1062,396,Monitor,Accessories,North,2023-06-11,4,436.2475800735346,0.2745529011559793,Cash,1265.898165368281
11268,1181,250,Monitor,Accessories,South,2023-11-27,2,1354.206972603061,0.12404914111901152,UPI,2372.4375215085493
11269,1054,210,Monitor,Electronics,South,2023-04-14,1,1394.6812937192526,0.12707574806372365,Cash,1217.4511250093967
11270,1114,211,Tablet,Accessories,South,2023-06-10,3,633.7865855932358,0.21078813189709564,Cash,1500.5756855837967
11271,1167,273,Monitor,Electronics,North,2024-09-26,1,1340.9387078146044,0.28283160033158294,UPI,961.6788671368349
11272,1142,207,Phone,Electronics,East,2023-02-23,3,606.7258966813104,0.08011828207180806,UPI,1674.3481804521793
11273,1148,351,Tablet,Electronics,South,2023-02-03,4,1118.3844061530651,0.13204326196138105,UPI,3882.8371241514897
11274,1174,240,Laptop,Accessories,North,2023-08-30,2,740.1162154442001,0.23879197306569033,Card,1126.764808120736
11275,1052,363,Laptop,Electronics,West,2023-04-23,1,227.74557693541533,0.18290807081221155,Card,186.08907282214443
11276,1136,284,Laptop,Electronics,South,2023-11-14,2,1395.5045917936811,0.033175903189186416,UPI,2698.4149331125377
11277,1179,271,Tablet,Electronics,South,2023-01-23,1,708.440060397428,0.18831982066867972,Card,575.0267552688758
11278,1056,254,Phone,Accessories,East,2024-07-11,3,1115.0062084674853,0.056023885379198064,UPI,3157.6176853416255
11279,1116,336,Monitor,Accessories,South,2024-10-08,2,582.4020309253737,0.15306478022352124,Card,986.5135841200979
11280,1153,246,Monitor,Accessories,South,2023-04-28,1,77.37727393554026,0.15873098029813154,Cash,65.09510339095489
11281,1168,342,Laptop,Electronics,West,2024-12-01,4,195.76902010316206,0.26286100866749545,Card,577.2359120519908
11282,1034,375,Laptop,Accessories,North,2024-10-04,3,769.5182452603904,0.13874828220373145,Card,1988.2467318182444
11283,1062,303,Tablet,Electronics,North,2023-07-31,2,1050.4483178332255,0.08383272667076826,Cash,1924.7727422450887
11284,1024,241,Phone,Electronics,East,2024-02-22,1,535.3662235399547,0.06928990446480947,UPI,498.27074905718547
11285,1089,259,Monitor,Accessories,West,2023-04-23,2,1058.4582658075929,0.2622755630053008,Card,1561.701056450584
11286,1074,397,Tablet,Electronics,North,2023-02-13,1,1063.0216046763362,0.05130325632546851,Card,1008.4851348121152
11287,1037,211,Monitor,Accessories,West,2023-05-08,3,1070.7070656253547,0.12776056826494311,Cash,2801.7387674273095
11288,1129,329,Laptop,Electronics,North,2023-06-07,4,764.1566883297372,0.056151934478084094,Cash,2884.9912481426245
11289,1134,206,Monitor,Accessories,West,2024-01-29,3,1376.5849176761808,0.2319912120343126,Cash,3171.687942468988
11290,1161,279,Phone,Electronics,East,2024-05-26,2,759.3349510718926,0.1423117919923857,Cash,1302.545266924802
11291,1090,330,Phone,Electronics,South,2023-02-14,2,702.8845305701253,0.1053431071670436,UPI,1257.680980280439
11292,1016,308,Laptop,Electronics,East,2023-04-18,1,339.1021875654091,0.10832989218794005,Card,302.36728414575373
11293,1127,202,Phone,Electronics,North,2023-08-07,3,496.0998766666879,0.2556642620168938,Card,1107.7946034360812
11294,1170,226,Phone,Electronics,East,2024-03-18,1,111.38501415153985,0.16613218628833143,Card,92.8803782307878
11295,1186,313,Tablet,Accessories,South,2023-11-11,3,968.6261757434469,0.21536035533937908,Card,2280.067495032943
11296,1107,306,Monitor,Electronics,East,2023-06-26,2,410.37682869428465,0.2691115548752053,UPI,599.8793644792198
11297,1178,239,Laptop,Accessories,North,2023-08-16,1,491.0251190039244,0.2705225028121926,Card,358.19177486732804
11298,1181,360,Laptop,Accessories,North,2024-12-03,1,1167.6810564132657,0.09855271630135894,UPI,1052.602916530098
11299,1151,328,Laptop,Accessories,East,2024-11-02,3,524.4707155841081,0.2857353789439156,UPI,1123.832630765089
11300,1024,207,Laptop,Electronics,South,2023-09-24,4,401.18404341905614,0.007462764604381633,Cash,1592.7604053599428
11301,1198,300,Laptop,Electronics,East,2024-01-14,3,295.13373624387333,0.1130506683048497,Cash,785.3060103665887
11302,1179,359,Phone,Electronics,South,2024-05-03,4,1173.544683163836,0.2687396572526525,Card,3432.6667489588563
11303,1197,323,Tablet,Accessories,West,2024-12-02,3,238.074074085539,0.08239106394509488,UPI,655.3766934716643
11304,1087,375,Laptop,Electronics,South,2024-11-17,2,707.9429523630126,0.0819244350963955,Cash,1299.8902518203968
11305,1160,306,Tablet,Electronics,West,2023-10-17,1,785.0486683119319,0.0907866855245666,UPI,713.7767017404168
11306,1176,300,Tablet,Accessories,East,2023-12-23,3,1046.7153733942862,0.18369401545407665,Cash,2563.3200702539298
11307,1028,203,Phone,Accessories,South,2024-10-18,2,968.2610493828435,0.13149983268430612,UPI,1681.8697667885378
11308,1062,397,Laptop,Accessories,West,2023-07-23,3,1225.5449757705035,0.21802045090600278,Card,2875.0533226422963
11309,1149,309,Phone,Accessories,West,2023-08-01,1,114.88957919304532,0.26847319276939974,Card,84.04480705115564
11310,1153,218,Laptop,Accessories,West,2024-07-05,3,479.83905093012595,0.20225981248285818,UPI,1148.3606834011382
11311,1155,231,Phone,Accessories,North,2023-11-19,4,456.1944722243006,0.061340016059272646,Cash,1712.8459838876424
11312,1113,336,Tablet,Electronics,East,2024-08-16,1,261.72451310855695,0.2798045707081506,Cash,188.4927980744174
11313,1048,211,Laptop,Accessories,West,2023-06-30,4,469.30846809184254,0.07934786200424356,Card,1728.2793781130722
11314,1198,338,Monitor,Electronics,South,2024-05-13,2,499.15970550721,0.04496828859844743,Card,953.4266956264914
11315,1080,245,Tablet,Electronics,West,2023-11-16,2,806.7324697948435,0.02699018365828827,Card,1569.9172245439522
11316,1083,318,Monitor,Electronics,North,2023-03-24,3,1012.3714944430712,0.16901512219984968,Cash,2523.7962077943935
11317,1104,215,Tablet,Accessories,East,2023-10-30,4,602.5957447371304,0.03412873874419554,Cash,2328.1196479865316
11318,1176,328,Phone,Electronics,North,2023-09-19,4,1093.2318354044028,0.041632765233789226,Card,4190.870284219627
11319,1147,262,Laptop,Accessories,North,2023-07-19,1,537.439740940391,0.09000914417864898,UPI,489.06524981075154
11320,1117,308,Tablet,Accessories,North,2023-08-28,4,470.9113321064025,0.08449590290533915,Cash,1724.485015646864
11321,1085,318,Phone,Electronics,South,2024-11-22,4,834.7226809926852,0.1812718530996427,Card,2733.6438151393572
11322,1062,220,Laptop,Accessories,East,2024-11-13,1,84.38872244339638,0.24502358384180445,UPI,63.711495234484076
11323,1188,357,Laptop,Electronics,East,2023-10-22,1,165.69422926930054,0.2284048968608677,Cash,127.84885592260497
11324,1103,212,Tablet,Electronics,South,2024-05-26,4,656.0558382004642,0.07874533641494302,UPI,2417.578002057525
11325,1048,361,Laptop,Accessories,East,2024-11-19,3,1417.223431518047,0.07359314939579398,UPI,3938.776487385359
11326,1070,203,Tablet,Electronics,North,2024-01-31,1,1096.1920807729643,0.28973745903209025,Cash,778.5841726787058
11327,1000,355,Laptop,Electronics,East,2023-05-18,1,177.78352577580876,0.0024708724775880375,Card,177.34424535500074
11328,1140,301,Monitor,Electronics,South,2023-05-09,4,1277.161118532267,0.2639161599180647,UPI,3760.390642130283
11329,1178,258,Phone,Accessories,North,2023-02-18,4,1111.8361173818626,0.05991855573672149,Card,4180.86601204967
11330,1122,327,Monitor,Electronics,South,2024-11-06,1,935.8724622688471,0.28418529692693034,Cash,669.9112686932375
11331,1183,226,Tablet,Accessories,West,2023-10-20,4,1239.4247928833072,0.10269218544825591,UPI,4448.582208813474
11332,1061,268,Monitor,Accessories,North,2024-09-19,1,635.9592792272878,0.1321055321679757,UPI,551.9455402078047
11333,1031,224,Tablet,Electronics,North,2024-06-19,3,371.1765237380865,0.21213618418331429,UPI,877.3096570015844
11334,1157,330,Laptop,Electronics,East,2023-11-07,3,792.433914207701,0.1763007154419781,UPI,1958.1817445771887
11335,1028,296,Laptop,Accessories,North,2024-06-20,1,845.820545610537,0.09538179891204684,UPI,765.144660413435
11336,1048,395,Tablet,Accessories,South,2024-09-30,1,830.5732394143726,0.16614927476034705,Cash,692.5740980503225
11337,1172,224,Monitor,Electronics,East,2023-08-22,2,869.3569976461526,0.21921206530886586,UPI,1357.5669094028494
11338,1029,347,Laptop,Electronics,West,2023-07-28,2,1425.622131446812,0.012700483770747627,Cash,2815.0320814063066
11339,1143,361,Phone,Accessories,South,2024-08-27,4,1358.2561534895356,0.003359791576711235,Card,5414.770783624102
11340,1167,353,Laptop,Accessories,West,2023-04-04,4,1319.789703010462,0.1374200817218674,Cash,4553.696376668341
11341,1018,325,Phone,Accessories,West,2023-11-23,1,1212.0543758175095,0.03955098534105426,UPI,1164.1164309669905
11342,1017,332,Monitor,Accessories,West,2023-08-13,1,1417.9707555346638,0.1993032874394143,Card,1135.3645224636552
11343,1000,388,Phone,Accessories,North,2023-01-11,2,192.81723043513472,0.06421573686823025,Cash,360.8706598037024
11344,1077,208,Phone,Electronics,South,2023-11-25,2,434.4287290963223,0.12985533203870128,Cash,756.0316844647367
11345,1114,315,Phone,Accessories,South,2023-01-12,1,767.8311211991481,0.059301281062280685,Cash,722.2977520725514
11346,1174,377,Phone,Accessories,North,2023-02-04,3,1277.4750150289376,0.16454507572473734,UPI,3201.8183758336236
11347,1193,333,Laptop,Electronics,East,2024-03-22,3,782.4902817079621,0.03481603781537067,UPI,2265.741211409573
11348,1112,259,Phone,Electronics,West,2024-03-27,4,1134.6503720453036,0.006932055836244078,Cash,4507.139649246681
11349,1113,371,Laptop,Accessories,South,2023-08-08,1,251.4918626109285,0.015339491432009154,Cash,247.63410533918812
11350,1165,320,Phone,Accessories,North,2024-03-16,1,416.0000288160123,0.286277532454593,Card,296.9085670655247
11351,1178,338,Tablet,Electronics,West,2024-10-14,4,1111.075337804625,0.04268586558328075,UPI,4254.5925011287945
11352,1062,393,Monitor,Accessories,East,2024-06-18,2,288.86431288719984,0.21254347594105055,UPI,454.9361755016624
11353,1131,374,Phone,Accessories,East,2024-08-17,2,559.4661052496438,0.020377861266847874,Card,1096.1307651467255
11354,1128,307,Tablet,Electronics,West,2023-08-17,3,434.05607382967855,0.03244810567055465,Cash,1259.9153294373211
11355,1007,307,Phone,Accessories,East,2023-12-10,1,557.2994566225939,0.1526628754228004,Cash,472.22051910302446
11356,1156,330,Phone,Electronics,South,2023-03-21,2,1077.0698711630569,0.1394612790463031,Card,1853.7206586168402
11357,1054,275,Phone,Electronics,South,2023-12-19,3,583.3784126570615,0.28547409283196085,Cash,1250.5169685781127
11358,1102,229,Tablet,Electronics,South,2024-01-31,3,855.1318177815133,0.2834506359062212,Cash,1838.2324807431014
11359,1130,220,Monitor,Electronics,East,2023-10-17,3,194.90122172889397,0.2338825927627395,Card,447.95165597494406
11360,1031,355,Tablet,Accessories,South,2024-03-30,2,1217.2756551902103,0.1806305490382049,Card,1994.7969705247237
11361,1009,389,Monitor,Electronics,North,2024-11-01,2,586.338507189781,0.1364880952179033,Card,1012.6205623810778
11362,1109,360,Phone,Accessories,South,2023-05-08,1,990.3745305983465,0.10685356029852631,Cash,884.5494859749314
11363,1161,362,Laptop,Accessories,South,2024-12-02,1,1101.8149224096574,0.2841262640926666,Card,788.76036478385
11364,1123,379,Phone,Accessories,East,2024-06-26,3,354.00833706196556,0.18087264342740567,Cash,869.9337400266835
11365,1086,233,Monitor,Accessories,South,2023-12-25,3,1332.7787281823573,0.17372175830579833,UPI,3303.7381922698573
11366,1054,240,Tablet,Accessories,West,2024-06-10,2,943.5251648300817,0.06957033653067446,UPI,1755.7676031753858
11367,1031,250,Phone,Electronics,North,2023-11-09,2,671.6514555396482,0.01400934536553392,Card,1324.4841166674594
11368,1177,374,Tablet,Electronics,East,2023-03-16,1,314.38601618841835,0.2835565739278633,Cash,225.23979454720066
11369,1134,281,Tablet,Electronics,North,2024-06-29,1,1416.3363599567497,0.09412057765339617,Cash,1283.029963606112
11370,1092,257,Tablet,Electronics,West,2023-07-15,4,1144.8488959908564,0.1327767069973376,Cash,3971.3585182866123
11371,1007,274,Phone,Accessories,East,2023-01-29,1,351.63561596321085,0.03439198307571205,Card,339.5421698101865
11372,1064,384,Tablet,Electronics,East,2024-12-06,2,539.6806233501255,0.2510772989727876,Cash,808.3581402628513
11373,1056,222,Tablet,Accessories,South,2023-01-16,3,1224.0276742277063,0.008289549856779188,Cash,3641.643107388354
11374,1066,375,Phone,Accessories,North,2024-02-27,4,1058.7326116622417,0.25019722862972893,Cash,3175.362585457735
11375,1186,327,Tablet,Electronics,West,2024-08-11,1,1160.3872244378003,0.04208550383639004,UPI,1111.5517434520252
11376,1071,349,Phone,Electronics,West,2024-08-15,1,689.741598208752,0.2659692337893456,Cash,506.29155382053153
11377,1053,216,Monitor,Electronics,East,2024-02-09,2,1088.890580831142,0.21893179120084721,UPI,1700.9956310960981
11378,1066,268,Monitor,Electronics,South,2024-09-27,4,610.4158981526749,0.049401078752191525,Cash,2321.0427771857794
11379,1050,307,Monitor,Accessories,East,2024-06-14,1,356.3312295603848,0.16974539785784043,Cash,295.8456432294838
11380,1096,338,Tablet,Accessories,East,2024-09-05,3,967.3817005199719,0.09379689430656583,Cash,2629.932904206583
11381,1091,293,Laptop,Electronics,East,2023-03-18,2,1465.2201921182516,0.05346992967347503,UPI,2773.749942979066
11382,1007,214,Laptop,Accessories,East,2023-08-17,4,500.37140852322796,0.2577546598233325,Cash,1485.5933853360066
11383,1161,290,Tablet,Accessories,West,2023-10-24,1,718.4059087081824,0.12105682995216882,Card,631.4379667810626
11384,1034,362,Laptop,Accessories,West,2024-05-24,1,1027.3019880512877,0.11956311430961475,Cash,904.4745630234171
11385,1095,232,Phone,Electronics,East,2024-12-15,4,835.1841090776074,0.050966002441986,UPI,3170.472454939401
11386,1087,324,Laptop,Accessories,East,2024-07-26,2,1272.9703037781214,0.1149197028257336,UPI,2253.361869523912
11387,1077,215,Tablet,Electronics,South,2024-06-21,4,1154.5269243807982,0.26148505389865506,Card,3410.541557326547
11388,1031,361,Tablet,Electronics,East,2024-08-05,4,134.5309456004177,0.10893861314689077,Card,479.50132384547356
11389,1119,265,Phone,Accessories,West,2024-09-06,2,1497.7107891894723,0.2854810687499364,Card,2140.285424826702
11390,1045,367,Monitor,Accessories,North,2023-11-22,1,1140.9835578932275,0.2838926697625162,UPI,817.0666894877847
11391,1143,355,Tablet,Electronics,West,2023-12-29,3,1302.6598086264642,0.04346959779220381,Cash,3738.101132056208
11392,1195,246,Phone,Accessories,South,2024-10-30,2,994.2366825382522,0.05319337605679346,Cash,1882.6997535890725
11393,1164,366,Laptop,Accessories,West,2023-12-25,3,1291.6134356678053,0.25880222109956674,Card,2872.0230291448047
11394,1181,397,Laptop,Electronics,North,2024-12-06,1,212.95531364662864,0.11782827567741576,Card,187.86315624330314
11395,1141,347,Phone,Electronics,East,2023-11-20,4,554.2198615610075,0.001312194684902801,Cash,2213.9704688175984
11396,1054,323,Phone,Electronics,North,2024-11-28,3,1320.8103682265146,0.0821615459116113,Card,3636.8716395508186
11397,1175,200,Tablet,Electronics,East,2023-11-22,1,342.4000563369937,0.17928869795866798,Cash,281.0115960553596
11398,1006,399,Laptop,Accessories,East,2024-09-16,1,163.45104294103297,0.2397797897879904,Cash,124.25878622400428
11399,1073,286,Phone,Accessories,West,2023-06-14,4,1192.7724629205675,0.040016585127977865,Cash,4580.167128479195
11400,1006,327,Laptop,Electronics,West,2024-07-26,4,1261.4549256827795,0.033162409325020605,Cash,4878.488164368895
11401,1160,390,Phone,Electronics,West,2024-08-26,1,285.8457163753559,0.27662779607169946,UPI,206.77284583790512
11402,1150,266,Laptop,Electronics,South,2024-03-30,1,1288.8016750349375,0.22534451034677477,Cash,998.3772926400862
11403,1084,203,Monitor,Accessories,West,2023-06-02,3,1045.813303615896,0.17693388023342352,Card,2582.3204934222003
11404,1146,385,Tablet,Electronics,South,2023-05-07,1,804.1198906640467,0.2307560369987784,Card,618.5643714225203
11405,1111,352,Laptop,Accessories,West,2023-07-12,1,1253.8627795330083,0.12865630839199152,Card,1092.5454230881699
11406,1124,246,Monitor,Electronics,East,2024-09-18,3,657.9114115125004,0.22753672419273796,Card,1524.637212383777
11407,1146,237,Laptop,Electronics,South,2024-06-13,2,331.29123652392593,0.11154089738236073,UPI,588.6774294142706
11408,1035,342,Laptop,Electronics,North,2023-01-10,3,463.0363810853898,0.0732283717477807,Cash,1287.3869425155654
11409,1028,390,Monitor,Accessories,South,2023-04-02,3,782.4878265253064,0.21870402638789058,Cash,1834.063764794138
11410,1187,220,Laptop,Accessories,South,2023-05-19,4,820.4296493761049,0.1259016876471805,Card,2868.5446876954747
11411,1081,256,Laptop,Accessories,North,2024-04-25,3,1218.0921983397889,0.29441313129785845,Card,2578.409580051239
11412,1001,316,Tablet,Electronics,South,2024-03-24,1,1197.461449295885,0.1048455546924303,Card,1071.9129394216563
11413,1128,380,Monitor,Accessories,East,2023-11-29,1,892.9815079466335,0.27651822615931976,Cash,646.055845376156
11414,1046,245,Monitor,Accessories,West,2023-12-06,1,1182.1389508799407,0.27988876457012385,UPI,851.2715403679318
11415,1196,341,Phone,Electronics,North,2023-02-21,2,328.0715145258229,0.07255588411942383,UPI,608.5359914700069
11416,1147,344,Laptop,Electronics,West,2024-12-07,1,122.5935642852768,0.239466354476404,UPI,93.23653036361289
11417,1010,238,Tablet,Accessories,East,2024-04-10,2,1316.7690428203152,0.12992235154336954,UPI,2291.382624675176
11418,1129,336,Laptop,Accessories,North,2024-12-18,1,159.55401595601586,0.27525741816910443,Card,115.63558946545085
11419,1194,298,Laptop,Accessories,West,2024-04-19,3,407.6982231287961,0.13503728179057164,Cash,1057.9312898599126
11420,1118,276,Phone,Accessories,West,2024-02-05,4,1058.2124769553575,0.22329111520120984,Card,3287.6921314246447
11421,1139,314,Laptop,Electronics,East,2024-03-14,1,643.6995095595983,0.14009022274913935,UPI,553.5235018818823
11422,1019,333,Tablet,Electronics,West,2024-08-27,2,1320.6552563774878,0.06834022671385685,Card,2460.8027534916073
11423,1004,350,Tablet,Electronics,East,2024-10-18,2,482.07070226029083,0.059805038683405885,UPI,906.4808905269549
11424,1036,386,Phone,Accessories,South,2024-08-20,4,67.21345267057097,0.12762935827690366,Cash,234.54017135460384
11425,1165,290,Laptop,Accessories,East,2024-05-23,1,485.950678813079,0.22664839710426446,UPI,375.8107363883654
11426,1136,297,Tablet,Electronics,South,2023-06-02,3,888.2088213180059,0.18152144555423003,Card,2180.939616355028
11427,1052,319,Laptop,Electronics,North,2024-05-28,1,595.1106443347753,0.20658878697016297,Cash,472.16745820862195
11428,1171,245,Laptop,Accessories,West,2024-05-17,1,825.5654958501951,0.08469790521958273,UPI,755.6418277301175
11429,1098,237,Laptop,Accessories,East,2024-11-06,4,1321.067272310777,0.14443060378728165,UPI,4521.058914109257
11430,1085,341,Phone,Electronics,East,2023-01-06,1,1373.1033286340344,0.013318579490798099,Cash,1354.8155428025425
11431,1107,299,Laptop,Electronics,West,2024-05-14,3,435.66239374846253,0.24525972478743618,Card,986.4358648724368
11432,1023,271,Tablet,Electronics,West,2024-10-22,2,720.1036862413561,0.2969676486719624,Cash,1012.512375476496
11433,1080,389,Laptop,Accessories,North,2024-12-17,4,846.2588221001042,0.12206371878740126,Card,2971.8452928716783
11434,1157,234,Tablet,Accessories,North,2023-04-28,3,1426.2130624879583,0.003289095939463005,UPI,4264.56633268596
11435,1119,346,Laptop,Accessories,East,2024-04-29,2,1497.9951127883578,0.05093779186528421,UPI,2843.381099035863
11436,1058,229,Tablet,Accessories,North,2024-08-23,4,391.34051082021364,0.19575806332512566,Cash,1258.929801285533
11437,1127,277,Tablet,Accessories,South,2024-10-27,4,1104.1208134514325,0.18362379546115776,UPI,3605.511836151278
11438,1113,283,Laptop,Accessories,North,2024-11-09,2,598.145040238133,0.23635941587566317,Cash,913.5356558370456
11439,1114,312,Laptop,Electronics,North,2024-04-12,2,61.75688548500918,0.07616520328832045,UPI,114.10631949517986
11440,1013,224,Tablet,Electronics,East,2023-06-10,3,63.41615753205841,0.2290895746641402,UPI,146.66453092861514
11441,1008,367,Monitor,Accessories,South,2023-09-27,1,717.8207109652708,0.20639520645710094,Card,569.6659571264107
11442,1039,287,Phone,Electronics,North,2023-02-25,1,758.0856238562852,0.09684434931415299,Cash,684.6693148895096
11443,1193,213,Monitor,Accessories,South,2023-08-16,1,82.72606003149184,0.1636464444170886,Cash,69.18823444670358
11444,1024,353,Monitor,Electronics,South,2023-05-29,1,1046.0447543227385,0.04418214254949802,UPI,999.8282558740966
11445,1102,301,Laptop,Accessories,South,2023-02-15,1,476.304913462682,0.13576935103067478,Card,411.63730446913195
11446,1021,349,Phone,Electronics,West,2023-05-24,3,861.8449972271267,0.26435920186669226,Card,1902.0250248820857
11447,1003,375,Monitor,Electronics,West,2024-09-23,4,486.3326560898572,0.12635741394761724,Cash,1699.5236773922677
11448,1153,282,Laptop,Accessories,West,2023-12-06,3,292.3447565604954,0.2518700119426266,Cash,656.1356377027174
11449,1185,309,Monitor,Accessories,West,2024-02-17,3,640.4019209683692,0.1770760095779083,UPI,1581.00631283179
11450,1028,378,Monitor,Electronics,East,2024-06-03,3,386.7963789462261,0.05756301393070703,Cash,1093.5936407897925
11451,1108,330,Laptop,Electronics,North,2023-12-10,4,825.4614165327937,0.17433187340936893,UPI,2726.228725445921
11452,1097,369,Laptop,Accessories,West,2024-01-22,3,338.3013689153959,0.15179499874711902,Card,860.8467391342043
11453,1036,218,Laptop,Electronics,East,2024-04-17,3,787.1886661347093,0.1195924005589152,Cash,2079.1406515766666
11454,1074,227,Phone,Accessories,North,2023-10-02,4,278.198846559858,0.0358891318548211,Card,1072.8581258952483
11455,1069,372,Monitor,Accessories,West,2023-12-19,3,1022.9133287543882,0.12501259915416893,Card,2685.1088244520774
11456,1145,270,Laptop,Electronics,North,2023-03-07,1,1143.209642440065,0.021828712871888135,UPI,1118.254847402867
11457,1127,262,Tablet,Accessories,West,2023-03-20,2,210.07163966240398,0.029630715419625375,Card,407.6941333796664
11458,1084,272,Monitor,Electronics,East,2024-08-20,3,728.3134974541418,0.1247749598798148,UPI,1912.3146300881212
11459,1041,323,Tablet,Electronics,South,2024-09-27,2,152.76396594956668,0.0916144445905391,UPI,277.5371601112982
11460,1099,318,Phone,Accessories,South,2023-07-21,3,917.3645460359035,0.27766329775866705,Card,1987.938242810076
11461,1040,320,Laptop,Electronics,North,2024-10-23,3,433.38623199798576,0.11271174161408115,Card,1153.6155449937858
11462,1165,218,Tablet,Accessories,East,2024-07-11,1,815.0554624161264,0.22735743662163002,UPI,629.7465417767386
11463,1033,374,Phone,Accessories,South,2023-04-23,4,800.3184636072223,0.1590742579098728,UPI,2692.0335916693352
11464,1016,341,Laptop,Accessories,West,2023-04-01,2,1390.3138019810106,0.21122570059270063,Card,2193.2875902277406
11465,1164,319,Tablet,Electronics,South,2023-05-21,4,846.1706727246482,0.07803479490461974,UPI,3120.5596712971046
11466,1152,365,Tablet,Accessories,North,2023-10-16,1,895.3477955915577,0.2825714918514987,UPI,642.3480332653004
11467,1121,380,Phone,Electronics,North,2024-12-30,1,632.3970323583515,0.15902654907432717,Cash,531.8291146575572
11468,1075,260,Laptop,Accessories,East,2024-08-11,2,1426.1654246150845,0.24939722138557488,Cash,2140.967460959808
11469,1086,363,Laptop,Accessories,North,2024-02-15,4,1176.9195686874339,0.10951370804283404,Cash,4192.122970609201
11470,1116,367,Tablet,Accessories,South,2024-01-12,1,463.83767093912024,0.03006340471515736,Cash,449.8931313155415
11471,1105,229,Tablet,Electronics,South,2024-01-19,3,1274.1038993755365,0.20211349431625464,Cash,3049.7709244523435
11472,1085,208,Tablet,Electronics,South,2023-06-01,3,676.9747222683804,0.0023278945012273453,UPI,2026.1963896048258
11473,1026,263,Laptop,Accessories,South,2024-09-18,3,1251.5673581237113,0.1425878929696525,UPI,3219.3270168577706
11474,1056,360,Phone,Accessories,East,2023-11-15,4,1243.187699025578,0.05784057079993777,Cash,4685.12405160991
11475,1030,319,Phone,Electronics,West,2024-01-04,3,323.86177080613885,0.18821265133060863,Card,788.7206647742687
11476,1133,251,Laptop,Electronics,West,2024-08-28,3,1066.6546405061865,0.29382596194135563,Cash,2259.731444100736
11477,1167,288,Monitor,Electronics,East,2024-07-13,1,471.4323054944701,0.13932087189619377,Card,405.7519456529477
11478,1097,341,Phone,Accessories,North,2024-12-03,1,481.3643714893689,0.2452494769577,UPI,363.3100111555292
11479,1011,252,Tablet,Electronics,West,2024-04-06,3,479.7047114768421,0.1523352560853363,Card,1219.886314226025
11480,1052,386,Monitor,Accessories,North,2023-01-12,3,1102.073958961925,0.14875200933120722,UPI,2814.4147294042205
11481,1198,277,Monitor,Electronics,West,2023-06-05,1,383.2477605991773,0.27912704795363336,Card,276.27294454828814
11482,1137,240,Phone,Accessories,North,2024-11-14,2,51.31346110683083,0.2669897606240044,UPI,75.22658481825782
11483,1172,395,Monitor,Accessories,East,2024-04-21,4,1087.093437549818,0.2357401395563923,UPI,3323.2875154839426
11484,1144,267,Monitor,Accessories,South,2024-02-05,4,298.21787856093164,0.08887672599503522,Cash,1086.852999525004
11485,1153,207,Phone,Electronics,North,2023-06-26,1,201.49947319636024,0.16350252471718216,UPI,168.55380059957315
11486,1189,201,Phone,Electronics,South,2023-12-07,4,394.3983748613872,0.0671691699917055,Cash,1471.6278535034812
11487,1121,304,Monitor,Electronics,North,2023-02-26,1,600.8557573679208,0.13317500941396193,Cash,520.8367862240148
11488,1045,324,Tablet,Accessories,North,2024-03-23,1,740.0641748361411,0.14526391972793717,Cash,632.5595519492218
11489,1063,309,Laptop,Accessories,North,2023-07-22,1,114.62655903331469,0.24949201205079927,Card,86.02814818563328
11490,1129,285,Monitor,Electronics,North,2024-11-27,1,1457.3313323096727,0.2688085095974979,Card,1065.5882688817737
11491,1053,368,Monitor,Accessories,North,2024-09-24,2,1088.2914274583593,0.12438601871894335,UPI,1905.8463791817164
11492,1106,319,Tablet,Accessories,South,2023-07-21,3,518.6313947202874,0.005311333521971162,Cash,1547.6303112238884
11493,1192,326,Monitor,Accessories,North,2023-11-26,3,512.1110230638261,0.2585321519368064,Cash,1139.141574721727
11494,1050,382,Monitor,Electronics,South,2023-12-29,2,700.3866965842661,0.05228360355040821,UPI,1327.5359124161487
11495,1180,215,Laptop,Accessories,East,2024-03-29,4,958.0549930063978,0.18656458916711804,Cash,3117.2634273466124
11496,1035,261,Laptop,Electronics,West,2023-12-22,4,262.24094655400324,0.007491270130239358,UPI,1041.1057151366301
11497,1114,312,Laptop,Electronics,North,2023-08-04,3,323.9482299591809,0.11985194257816928,Cash,855.3672159114407
11498,1025,375,Phone,Electronics,West,2024-07-08,4,1296.1801451086487,0.2957880906346049,Card,3651.141979473906
11499,1028,357,Phone,Electronics,South,2023-01-23,3,421.56963963915524,0.03020808033114093,UPI,1226.5044902992965
11500,1148,211,Laptop,Electronics,East,2023-06-04,3,601.2827470640074,0.1271079455998927,UPI,1574.5647970801244
11501,1010,234,Laptop,Accessories,East,2023-07-05,2,1313.3441838776698,0.09214498505698565,Card,2384.652207359166
11502,1039,210,Phone,Electronics,East,2023-09-06,4,1011.5643526297426,0.27152643701647927,UPI,2947.5915525892287
11503,1010,263,Tablet,Electronics,West,2023-05-14,2,545.4822250454481,0.26080203237220656,Card,806.4387042613638
11504,1163,249,Monitor,Electronics,South,2023-11-17,3,1041.3643413007003,0.07130962809186865,Cash,2901.3151122432405
11505,1112,348,Monitor,Accessories,North,2024-01-25,3,78.54066230304988,0.02435633611512935,Card,229.8830985998758
11506,1186,268,Laptop,Accessories,North,2024-03-09,3,1116.6818570164796,0.18814151821833525,Card,2719.7629112115874
11507,1038,247,Tablet,Accessories,South,2023-01-22,1,756.1732587485473,0.10091061356511292,UPI,679.8673512467005
11508,1053,219,Phone,Accessories,West,2024-08-22,1,1229.114113562469,0.20162531718181892,Cash,981.2935905627859
11509,1097,300,Laptop,Electronics,North,2024-10-26,1,1434.2245954093792,0.009635926820344342,Card,1420.4045121640766
11510,1054,394,Tablet,Electronics,South,2023-05-05,2,1392.3933967671242,0.040019770553246826,Cash,2673.3402650172957
11511,1110,371,Tablet,Accessories,North,2023-03-20,3,1368.434313010244,0.20591166983179301,Card,3259.9731556895467
11512,1151,360,Tablet,Accessories,East,2023-02-20,4,792.6464361041363,0.06371119659074932,UPI,2968.5839327461954
11513,1149,388,Phone,Accessories,North,2024-12-28,2,572.2060655014602,0.2572763027287205,Card,849.9820091405929
11514,1068,336,Phone,Accessories,West,2023-06-25,2,724.3012208594755,0.01757726631304063,Card,1423.1399708191361
11515,1055,267,Monitor,Electronics,South,2023-09-10,2,1050.3492048043731,0.06464459483567238,Cash,1964.8996120476475
11516,1032,234,Monitor,Accessories,West,2023-09-03,4,1331.7967764632208,0.2995680745455206,Card,3731.3319218088104
11517,1035,264,Tablet,Accessories,South,2023-04-16,3,350.13013935017335,0.12992283077603778,UPI,913.9207215173708
11518,1147,207,Tablet,Accessories,East,2023-07-12,1,1381.3800797694694,0.21088969906339305,UPI,1090.06125045472
11519,1080,244,Phone,Accessories,South,2023-11-12,3,1232.0113363563391,0.054798914657104104,Card,3493.4953568362903
11520,1189,286,Monitor,Accessories,North,2023-10-29,3,1469.3412220084401,0.1829606204956613,Card,3601.528920929768
11521,1108,374,Tablet,Accessories,North,2024-07-01,2,1326.3650712584463,0.21783182051082553,Cash,2074.881106248496
11522,1153,367,Monitor,Accessories,East,2024-12-16,2,455.9091280532646,0.09434299075995316,Cash,825.7945947959143
11523,1193,275,Monitor,Electronics,South,2023-09-25,2,203.63607144886916,0.24866913359276333,UPI,305.9961319868896
11524,1072,381,Tablet,Electronics,East,2023-06-19,1,212.7495543878035,0.181025273541685,Cash,174.23650810887978
11525,1039,275,Phone,Electronics,North,2024-07-04,1,472.27381193850033,0.11673690288450905,Card,417.1420298193387
11526,1016,373,Tablet,Electronics,West,2024-03-30,1,940.5663997775819,0.16729271800294757,UPI,783.2164902965433
11527,1128,246,Tablet,Electronics,East,2024-10-12,3,1216.2644728409002,0.17302825423077728,Cash,3017.4490632669676
11528,1060,214,Monitor,Electronics,West,2023-10-19,2,1353.9129451232689,0.0496605878081598,UPI,2573.353664854741
11529,1170,304,Tablet,Accessories,West,2024-07-17,4,954.4424073353875,0.12081971096008984,Card,3356.507806212295
11530,1103,346,Phone,Accessories,South,2023-05-21,3,58.16540348467791,0.10302917640584792,Cash,156.5180096050131
11531,1041,225,Tablet,Electronics,East,2023-05-26,1,320.1593259518736,0.12027081677373781,Card,281.6535023219124
11532,1024,251,Phone,Accessories,West,2024-02-29,4,194.60299558738353,0.22833317654557736,Card,600.6747017585251
11533,1038,292,Phone,Electronics,West,2023-11-10,4,576.8204895750646,0.1447615222400018,UPI,1973.2763097798206
11534,1034,349,Monitor,Accessories,South,2023-07-03,2,776.9589407689316,0.2820948459717793,UPI,1115.565656092646
11535,1130,220,Laptop,Accessories,South,2024-10-25,4,112.92590893891322,0.08810292400753085,UPI,411.9072246607472
11536,1107,250,Laptop,Accessories,North,2024-12-13,1,555.2930649037003,0.12471107348547869,Cash,486.04187068051823
11537,1171,237,Monitor,Accessories,West,2023-05-08,2,309.8105282067177,0.23608704314371243,Cash,473.33655333520403
11538,1178,219,Tablet,Accessories,North,2023-10-14,4,988.2517410753671,0.16380737799622508,UPI,3305.475258278428
11539,1101,356,Monitor,Accessories,West,2023-09-10,2,723.194935520293,0.1641084439273343,Cash,1209.0250799918576
11540,1097,378,Phone,Electronics,North,2024-11-30,4,768.2105880541677,0.016002048901555054,Cash,3023.6705786297302
11541,1011,331,Laptop,Electronics,South,2024-01-21,3,670.1530926485186,0.11957989881553674,UPI,1770.048760916069
11542,1018,254,Monitor,Accessories,East,2023-08-18,3,1436.2285802055221,0.08122011972651974,Card,3958.7337688997404
11543,1100,398,Tablet,Electronics,South,2023-09-28,1,361.3659314262667,0.2998005368493346,Cash,253.0282311856121
11544,1043,291,Monitor,Accessories,North,2024-02-19,3,799.1631767736178,0.09250652118969308,Cash,2175.70611428216
11545,1186,227,Laptop,Electronics,North,2023-07-17,3,1117.225184129737,0.26534896043815903,Card,2462.3119288367416
11546,1048,203,Monitor,Accessories,East,2023-11-19,3,857.4243990451157,0.20287012051214323,Card,2050.435823642343
11547,1188,349,Monitor,Electronics,West,2023-02-25,4,1397.0802842893615,0.10227492275762713,Card,5016.776024509853
11548,1016,275,Laptop,Accessories,North,2023-07-22,4,598.0541156798621,0.1630603135122371,UPI,2002.1408963192805
11549,1073,372,Phone,Electronics,North,2024-09-12,2,722.3299183711081,0.2521607639847581,Card,1080.3733086112031
11550,1056,266,Phone,Accessories,North,2024-09-19,4,178.3573570613562,0.2650104894092736,UPI,524.3631463071266
11551,1054,285,Laptop,Electronics,East,2024-08-26,3,933.0487110252964,0.048118162501843566,Card,2664.456364578137
11552,1046,393,Monitor,Accessories,South,2023-05-18,4,467.9073542497538,0.10187194236245088,Card,1680.962892906624
11553,1011,361,Laptop,Accessories,North,2024-02-26,1,282.44810729757484,0.1005669540640715,UPI,254.0431614654957
11554,1061,290,Phone,Accessories,East,2023-02-26,2,839.5703747115367,0.012613438822783407,UPI,1657.9610103053828
11555,1079,382,Tablet,Electronics,North,2024-07-15,2,821.8498819008704,0.17947132795556894,Card,1348.7027844319873
11556,1082,304,Monitor,Electronics,West,2023-03-12,4,160.01387977486894,0.25644601589765637,Card,475.9158312731089
11557,1007,200,Phone,Electronics,East,2024-08-16,3,1062.4124075669856,0.11447231634765533,Card,2822.3867950689105
11558,1148,271,Monitor,Accessories,North,2024-01-07,2,954.4696764437367,0.2220107834952531,Cash,1485.134231508004
11559,1080,286,Laptop,Electronics,East,2024-09-08,1,324.07505998242095,0.18831012408022196,Card,263.0484452258259
11560,1117,365,Tablet,Accessories,North,2024-08-22,1,730.6805501233636,0.11269462064790024,UPI,648.3367827124121
11561,1197,205,Laptop,Electronics,South,2024-05-28,2,1094.4682288939118,0.04231793984768912,Cash,2096.3051764367447
11562,1199,352,Tablet,Electronics,North,2023-03-25,3,817.681823784851,0.21279715583279019,UPI,1931.0443719217978
11563,1024,344,Monitor,Electronics,East,2023-02-12,3,623.4591604661769,0.2563695506823721,Cash,1390.8696468859625
11564,1088,260,Monitor,Electronics,West,2024-10-27,4,517.3907642173683,0.20575634772044757,Cash,1643.7373209108455
11565,1011,211,Laptop,Accessories,West,2024-08-28,4,935.0711066338777,0.00536354521044542,UPI,3720.2232419138622
11566,1142,205,Tablet,Electronics,West,2023-05-13,2,1411.7076125498488,0.06486986831729737,Cash,2640.2606512424277
11567,1058,226,Tablet,Electronics,North,2024-01-30,4,1024.030018692351,0.02084399546505957,UPI,4010.7405665065708
11568,1153,335,Monitor,Accessories,South,2023-03-06,4,158.38156027265748,0.17111582987286802,Card,525.1198726001682
11569,1108,323,Laptop,Accessories,North,2023-10-17,4,717.993211549094,0.2269433036521237,Cash,2220.197840481378
11570,1025,305,Tablet,Electronics,West,2024-01-11,1,1341.69499069041,0.03317375612059783,UPI,1297.1859282810185
11571,1046,392,Monitor,Electronics,East,2024-04-11,4,186.97051741157597,0.25150134617801556,Cash,559.7887223478581
11572,1031,384,Phone,Accessories,West,2023-08-01,2,1483.8697825994377,0.16665269351864495,UPI,2473.1577729966307
11573,1009,292,Laptop,Accessories,East,2023-05-28,3,1426.1506207858608,0.20699070364251745,Card,3392.852100867547
11574,1015,308,Phone,Accessories,South,2024-07-26,4,163.49799705831998,0.29142055458259386,Card,463.4052803297643
11575,1198,298,Laptop,Electronics,East,2024-04-15,3,1403.4493146518546,0.025104296474309194,Cash,4104.650120910505
11576,1144,367,Monitor,Electronics,North,2023-05-29,4,576.5422558762202,0.27036720689333676,Cash,1682.6565459959324
11577,1150,341,Tablet,Electronics,North,2023-03-29,2,1274.8282922600006,0.03783080879622279,UPI,2453.2010137749944
11578,1025,234,Tablet,Accessories,North,2023-11-20,1,656.6558396842437,0.11788764199100467,UPI,579.2442311442451
11579,1085,375,Tablet,Accessories,East,2024-01-31,2,689.239913418648,0.2554316088993343,Cash,1026.3725068329697
11580,1134,283,Laptop,Accessories,North,2024-02-08,1,969.6524819174368,0.27187627102136047,UPI,706.026980947117
11581,1013,255,Monitor,Electronics,North,2023-03-23,4,1172.9922579501758,0.1519115020635436,UPI,3979.2049685442284
11582,1078,376,Phone,Accessories,North,2024-10-02,4,98.99426887496053,0.17823139148262754,UPI,325.40153033828375
11583,1116,340,Monitor,Electronics,South,2023-10-13,1,910.0761935143447,0.21244420037956716,Cash,716.7357842987095
11584,1006,388,Phone,Accessories,East,2024-01-17,2,320.7628414411879,0.24982760053581424,Card,481.2548608457722
11585,1136,248,Laptop,Electronics,East,2023-09-27,2,551.6268009016443,0.036453350861299846,Card,1063.0363111677605
11586,1114,245,Laptop,Electronics,West,2023-10-19,1,554.5545659250639,0.2430207924687683,UPI,419.78627584678105
11587,1175,312,Phone,Accessories,East,2024-03-28,4,730.1374933206728,0.144382845153485,Cash,2498.8726587272017
11588,1071,389,Phone,Electronics,South,2024-12-15,1,534.4977972204514,0.13518702753245068,UPI,462.24062879157594
11589,1058,335,Phone,Accessories,East,2023-01-24,4,205.67362175346824,0.12716992559909948,Card,718.0724903095295
11590,1081,242,Monitor,Electronics,South,2023-11-07,1,261.16167086190455,0.15276347557381278,UPI,221.26570633437586
11591,1115,347,Phone,Accessories,South,2024-04-05,4,98.48507906359163,0.28351516601838106,Card,282.25226209017626
11592,1166,323,Laptop,Accessories,East,2023-07-27,1,731.8611737266938,0.16446113183764546,Cash,611.4984567475741
11593,1145,296,Laptop,Electronics,West,2024-12-17,3,1433.9491575368334,0.28595326147894173,UPI,3071.720157432585
11594,1186,289,Tablet,Accessories,North,2024-10-25,4,217.72907428976902,0.054087039184692175,Cash,823.8110132680462
11595,1102,238,Phone,Electronics,North,2024-03-13,2,1422.0835148544688,0.21724079364978993,UPI,2226.297926902402
11596,1016,284,Monitor,Accessories,East,2024-06-21,1,1113.3741963615357,0.24367186158262416,UPI,842.0762332960622
11597,1013,376,Monitor,Accessories,East,2024-12-06,2,974.3732642545366,0.20373864940045858,UPI,1551.7115427668023
11598,1158,391,Monitor,Accessories,South,2023-12-02,1,985.6527452191663,0.1820766840679621,UPI,806.1883617271766
11599,1151,261,Tablet,Accessories,East,2024-02-26,2,1248.755090174609,0.16944383432585466,UPI,2074.32247912299
11600,1107,305,Laptop,Electronics,South,2023-11-17,2,205.03380335074098,0.2582791447736088,Cash,304.15569594326263
11601,1187,306,Monitor,Accessories,West,2024-05-11,1,781.8937691700355,0.24649397914935,Cash,589.16166273523
11602,1044,253,Laptop,Accessories,East,2024-08-09,1,1060.7821504781,0.03668661635417986,Card,1021.865642688148
11603,1097,325,Tablet,Electronics,North,2023-06-12,2,900.8896453566673,0.25457629710926344,UPI,1343.0889906753787
11604,1130,208,Phone,Electronics,North,2024-06-24,2,1257.5296529837772,0.12422058583213275,Card,2202.6371655777075
11605,1036,287,Phone,Electronics,East,2023-06-14,2,154.79397806645966,0.07610904899874323,Cash,286.0255112101782
11606,1170,236,Phone,Electronics,South,2024-11-28,4,1051.5165072737905,0.2609305704041778,Card,3108.5748209657263
11607,1167,248,Monitor,Electronics,North,2024-07-19,4,824.3402090578408,0.1296074398901225,Cash,2869.9983398534628
11608,1182,240,Phone,Electronics,South,2023-10-22,3,599.783252770918,0.242509407053045,UPI,1362.9905153432883
11609,1107,216,Monitor,Accessories,East,2023-02-11,4,543.3987242393448,0.07902108358675335,Card,2001.8350729211697
11610,1038,287,Tablet,Electronics,East,2023-10-12,4,950.2073175225796,0.0011787964266653406,Card,3796.348866128371
11611,1014,220,Tablet,Accessories,North,2024-01-22,1,1341.943293234184,0.14863775787088332,Card,1142.4798509379857
11612,1119,250,Monitor,Electronics,East,2023-05-18,3,769.4550928466172,0.030068476992865276,Card,2238.9562502709473
11613,1003,258,Laptop,Accessories,West,2023-07-06,3,1245.8485879115342,0.2263127866574729,UPI,2891.691366683992
11614,1092,366,Phone,Accessories,West,2024-12-16,4,633.1267536737529,0.0828225408208231,Cash,2322.758349091413
11615,1152,382,Phone,Accessories,North,2024-03-06,1,198.471971050106,0.13309369398104362,Cash,172.05660327134862
11616,1140,240,Phone,Electronics,West,2024-07-07,1,139.1833178650259,0.02611006952746627,UPI,135.54923175850664
11617,1160,238,Monitor,Electronics,South,2024-02-20,3,124.43483841933248,0.0859977745341758,Cash,341.2011577222504
11618,1015,340,Tablet,Electronics,North,2024-03-01,1,601.2177058386214,0.23444707297757159,Card,460.263974482466
11619,1169,391,Phone,Electronics,North,2024-02-20,2,538.994738711971,0.04547637357069584,UPI,1028.9664252433315
11620,1107,210,Tablet,Accessories,South,2023-01-26,4,1091.0086842527257,0.1941478683380872,Cash,3516.766695466871
11621,1125,346,Phone,Electronics,West,2024-01-06,2,1127.0911772980555,0.27522775584135034,UPI,1633.7688038834526
11622,1193,338,Phone,Accessories,West,2024-01-20,3,123.73825480892275,0.2039510279273161,UPI,295.50513164013233
11623,1054,276,Monitor,Accessories,West,2023-02-25,3,370.6287311890717,0.24330650678766805,Cash,841.357047864939
11624,1169,326,Laptop,Electronics,North,2023-09-10,1,447.6796827304046,0.032691488791174735,Cash,433.0443674003869
11625,1033,245,Monitor,Electronics,North,2024-09-25,1,844.0373770070737,0.07521954780061633,UPI,780.5492671817833
11626,1157,244,Phone,Electronics,West,2023-04-16,3,259.54707466507784,0.2683616556721773,UPI,569.683775949262
11627,1012,200,Phone,Accessories,East,2023-05-10,3,244.21476813000052,0.21453168408542675,Cash,575.4688879336185
11628,1140,367,Laptop,Electronics,West,2024-10-31,2,1418.493889351539,0.19186614791319334,UPI,2292.6658619265118
11629,1017,307,Tablet,Accessories,South,2024-01-11,2,1216.0942155817825,0.19913002083651,Cash,1947.8666981876456
11630,1159,218,Tablet,Electronics,North,2023-11-04,1,311.9496080321969,0.12426016629139303,UPI,273.18669786358123
11631,1095,275,Phone,Accessories,South,2023-04-01,2,639.5233214629619,0.013366989485295966,UPI,1261.94963989873
11632,1122,271,Tablet,Electronics,South,2024-01-28,1,565.6518989234701,0.2353324626212187,UPI,432.5356445634411
11633,1038,399,Phone,Electronics,North,2024-06-17,1,1196.9559073948406,0.20361397086460614,Cash,953.2389621403294
11634,1045,388,Laptop,Accessories,East,2023-04-20,4,789.808728893277,0.1418413392338174,Card,2711.1248041939825
11635,1028,308,Laptop,Electronics,West,2024-07-14,1,235.38211864052718,0.26992788461047723,Cash,171.8459212807573
11636,1189,211,Phone,Electronics,South,2024-10-02,2,1121.5384915765537,0.10084789949552965,UPI,2016.867380995347
11637,1061,388,Laptop,Electronics,North,2024-08-07,3,625.4875684261325,0.08829652326937078,Card,1710.7775723576772
11638,1184,360,Monitor,Electronics,South,2023-12-06,3,431.2401590666132,0.2618388975238328,Card,954.9741337458267
11639,1015,244,Monitor,Electronics,West,2024-07-18,2,594.4730019300442,0.23909629642769564,UPI,904.6734176846326
11640,1183,289,Laptop,Electronics,East,2023-12-22,3,771.7470172299998,0.1544939431945034,Cash,1957.5503321686222
11641,1120,302,Phone,Electronics,East,2023-06-17,1,547.5174988046637,0.03922042183735499,Card,526.0436315382112
11642,1009,396,Phone,Accessories,East,2024-07-10,3,400.76337025804884,0.06452144143951573,Card,1124.7166197985237
11643,1157,207,Laptop,Accessories,North,2024-03-27,2,627.8279417657715,0.19686839712264198,Cash,1008.4569224030733
11644,1152,352,Tablet,Electronics,North,2023-04-15,3,77.80072058735246,0.1155123713521235,Cash,206.44132457821019
11645,1102,290,Monitor,Electronics,East,2023-05-30,1,1170.1218768396552,0.25094195749979137,Card,876.4892025521824
11646,1083,373,Tablet,Electronics,West,2023-05-26,1,297.8700956729994,0.2849865027996612,Cash,212.98113881855082
11647,1132,286,Phone,Accessories,West,2024-12-16,2,113.66168976442401,0.24169107758247546,Card,172.38134697083072
11648,1064,357,Phone,Accessories,North,2023-10-26,2,997.8631047123648,0.11326362689866715,UPI,1769.6830206485558
11649,1176,374,Tablet,Electronics,East,2023-06-16,2,1172.2073867943247,0.2366059287694272,Cash,1789.7123386629407
11650,1002,376,Laptop,Accessories,West,2024-12-13,4,1230.0522408096226,0.10543250204120504,Card,4401.459021678693
11651,1172,374,Tablet,Electronics,West,2024-10-07,4,765.5883148578699,0.050130026329690165,Cash,2908.837409905367
11652,1141,283,Tablet,Electronics,West,2024-12-23,1,347.7838678004787,0.010017961459757219,Cash,344.29978241652816
11653,1119,281,Monitor,Electronics,North,2023-02-17,4,1118.9801320122488,0.11571501382830601,Card,3957.9893222514065
11654,1157,345,Monitor,Electronics,East,2024-09-29,4,1064.583961873789,0.27106779110918455,UPI,3104.0381555135864
11655,1067,393,Tablet,Accessories,South,2023-08-27,3,407.0925644496012,0.07169597632670295,Card,1133.7169967581372
11656,1145,267,Tablet,Accessories,East,2023-01-07,4,1359.9412460010499,0.0619539494789352,Cash,5102.750059007923
11657,1189,360,Phone,Electronics,East,2024-04-08,3,201.33861422010204,0.2909462355723121,Card,428.2797070122522
11658,1036,326,Monitor,Accessories,North,2024-03-28,2,1474.8979474074222,0.007501233855177636,Cash,2927.6687859827953
11659,1152,363,Monitor,Accessories,West,2024-01-06,3,1297.3593259173238,0.23573464511812628,Card,2974.5803568945357
11660,1175,281,Phone,Electronics,West,2024-07-02,3,1047.453035944659,0.0964109867222611,UPI,2839.401165612019
11661,1192,346,Laptop,Accessories,North,2024-05-01,2,1411.1873380057577,0.011246387060897799,UPI,2790.633157974214
11662,1180,355,Monitor,Electronics,North,2023-07-30,2,1097.3511940693763,0.27534076206287506,UPI,1590.4113600874168
11663,1072,367,Monitor,Electronics,North,2023-06-14,1,326.1626456935666,0.04189269906287508,UPI,312.4988121319749
11664,1142,283,Laptop,Electronics,North,2023-05-05,1,691.126400263577,0.1655337851177086,Card,576.7216312331706
11665,1048,312,Monitor,Electronics,North,2023-12-03,1,153.67938528087126,0.08221626222886433,UPI,141.04444064144846
11666,1120,275,Monitor,Accessories,South,2023-07-11,1,615.0032623177673,0.019557840655407308,Card,602.9751265108007
11667,1087,321,Laptop,Electronics,East,2024-12-30,3,1125.3243786189526,0.014976745699013727,Cash,3325.412044714428
11668,1195,342,Laptop,Accessories,East,2023-08-02,3,610.3428588496852,0.03466700965090164,Cash,1767.5522912147528
11669,1139,240,Tablet,Electronics,East,2024-07-27,1,528.9265544287945,0.021410104166814013,Cash,517.60218180188
11670,1186,366,Phone,Electronics,West,2023-11-24,4,913.2657976399522,0.22816743465597686,UPI,2819.553133733599
11671,1036,201,Phone,Accessories,South,2024-01-16,1,1314.6965670483978,0.14566986068502874,UPI,1123.1849012833723
11672,1060,390,Laptop,Electronics,East,2024-11-03,4,118.99562919186302,0.1028676274046939,UPI,427.01932458146933
11673,1170,228,Laptop,Accessories,West,2024-07-31,2,608.9321303146163,0.12551067303960214,Cash,1065.0092976067801
11674,1123,304,Monitor,Accessories,South,2023-08-27,3,279.4490756321309,0.278684020671787,Cash,604.7132509858632
11675,1197,393,Tablet,Electronics,South,2024-06-15,3,1058.263663561211,0.27322554382144415,Cash,2307.356995734676
11676,1038,250,Tablet,Electronics,West,2024-11-30,4,203.30061262514556,0.21470294403677306,Cash,638.6054902801891
11677,1183,274,Laptop,Electronics,South,2023-03-23,1,1013.9712499413546,0.26540471322650633,Card,744.8585011307473
11678,1062,209,Monitor,Electronics,West,2023-12-29,3,464.9622626569656,0.09589440827628744,Card,1261.1249448260164
11679,1045,341,Monitor,Electronics,East,2024-05-19,4,338.4293799189758,0.11433279780248484,UPI,1198.943208217117
11680,1087,250,Phone,Electronics,West,2023-07-21,2,1407.7112088462288,0.1841136545562684,UPI,2297.0647072514544
11681,1010,317,Phone,Accessories,South,2024-05-18,2,76.860636281636,0.18708778418917923,Cash,124.96190029666857
11682,1061,320,Monitor,Accessories,East,2024-10-05,3,684.777044239875,0.1445099514037023,Card,1757.4598405631991
11683,1076,238,Phone,Electronics,East,2023-02-06,1,81.35913906960099,0.12019735453138597,Card,71.57998578648383
11684,1152,227,Laptop,Accessories,North,2024-10-05,4,751.2099197512771,0.29585409348260855,UPI,2115.8455597124794
11685,1198,202,Monitor,Accessories,North,2024-08-11,3,776.5186978019065,0.2463370878353173,Card,1755.700029407136
11686,1051,283,Phone,Electronics,South,2024-08-23,2,516.4105835223831,0.13049405936641356,UPI,898.044140357538
11687,1003,397,Tablet,Electronics,West,2024-02-06,1,241.6345774112843,0.21818774317187054,Cash,188.91287429362754
11688,1058,354,Monitor,Accessories,West,2024-12-06,4,595.7619297149892,0.08086850797573784,Cash,2190.334205400766
11689,1071,316,Monitor,Electronics,South,2023-06-25,3,1024.7812629022208,0.030050797871198964,UPI,2981.957304925662
11690,1147,201,Tablet,Accessories,East,2024-06-28,4,1184.4739225344658,0.10572930766582218,Cash,4236.961259026704
11691,1092,292,Laptop,Electronics,South,2024-07-23,1,819.5883734628063,0.12089184003701825,Cash,720.5068269219407
11692,1062,365,Tablet,Accessories,South,2024-04-11,1,905.2598719376456,0.00496113736820124,Card,900.7687533590426
11693,1053,330,Monitor,Accessories,East,2023-07-20,2,340.8937381307464,0.2444376004907688,Card,515.1329815194765
11694,1116,343,Laptop,Accessories,West,2024-06-23,1,466.6289831800917,0.10775802071675446,Card,416.34596754353333
11695,1109,293,Phone,Accessories,South,2024-06-30,3,284.7486345759197,0.17412544973404412,Card,705.4999515576982
11696,1073,239,Phone,Electronics,West,2024-09-28,4,411.4782575066864,0.02218895618128679,Card,1609.3919379252732
11697,1106,201,Phone,Electronics,South,2024-01-29,1,376.0858313270211,0.05249904862517519,UPI,356.34168298094437
11698,1056,280,Monitor,Accessories,East,2023-02-11,1,803.2007402672945,0.266908117598268,UPI,588.8199426290156
11699,1168,368,Tablet,Accessories,East,2024-08-19,3,865.8986958965577,0.18260625836484023,Card,2123.3405247476776
11700,1002,211,Laptop,Electronics,North,2024-01-28,4,1420.1737601911816,0.28508521505114565,Cash,4061.2128734283383
11701,1119,362,Phone,Electronics,East,2024-11-30,4,333.5774382972084,0.2996250103173951,Cash,934.5171796230285
11702,1005,264,Laptop,Accessories,North,2024-09-14,2,980.4297797341691,0.11155803459992832,UPI,1742.1099208875692
11703,1004,254,Monitor,Accessories,South,2024-03-16,2,1235.0259400319082,0.08964091922498238,UPI,2248.6341590015
11704,1004,244,Phone,Accessories,West,2024-09-08,4,862.3501224854261,0.257506816547729,UPI,2561.1563507786395
11705,1053,300,Monitor,Accessories,East,2024-05-20,3,419.75529612655976,0.2995834281112362,Cash,882.0106966353537
11706,1046,261,Tablet,Accessories,East,2023-11-16,3,430.6978335290003,0.18889237026973718,UPI,1048.0268966510005
11707,1176,248,Monitor,Electronics,East,2024-07-06,2,106.91692695294986,0.2385422167534567,Cash,162.8254523782516
11708,1008,326,Monitor,Accessories,South,2023-08-03,1,492.89412849529845,0.23452375764458233,UPI,377.29874535962944
11709,1098,352,Tablet,Electronics,North,2023-03-12,3,1129.6753345549012,0.10660191246586409,Cash,3027.749350277501
11710,1019,222,Laptop,Electronics,South,2024-07-21,1,118.90074795031005,0.17228111407712615,UPI,98.41639462882706
11711,1121,351,Tablet,Electronics,West,2023-08-24,3,367.97815963200446,0.24991708237926408,UPI,828.0423947924485
11712,1060,237,Tablet,Accessories,South,2023-10-08,4,1074.0371228710837,0.20643416287831665,Cash,3409.2766740438237
11713,1122,227,Monitor,Electronics,West,2024-09-08,2,1184.844766093171,0.006349144194611478,UPI,2354.6440316500293
11714,1162,220,Laptop,Electronics,East,2023-06-11,1,710.2116945897963,0.10101170066926005,Card,638.4720034840839
11715,1177,381,Phone,Electronics,West,2023-07-10,1,1062.2077907940409,0.043342708978381606,Cash,1016.1688276430851
11716,1081,306,Tablet,Electronics,West,2023-01-09,4,612.5306445495934,0.06989166362341172,UPI,2278.8794351268066
11717,1061,345,Laptop,Accessories,North,2023-03-01,3,281.8742052849849,0.2716468432473977,Cash,615.9119016793494
11718,1144,363,Tablet,Accessories,West,2023-08-13,1,627.3167656082145,0.011067986673230445,UPI,620.3736320065688
11719,1002,298,Tablet,Electronics,West,2024-11-30,3,890.9533392945572,0.06594021358857712,Card,2496.611057412054
11720,1159,372,Tablet,Electronics,South,2024-08-04,4,1424.677258686691,0.09287080567146944,UPI,5169.4653354025495
11721,1012,318,Tablet,Accessories,East,2023-10-14,2,149.6888805285821,0.18506522158991845,UPI,243.97334936802645
11722,1119,272,Monitor,Accessories,South,2023-06-18,1,785.7214360751929,0.16023050702575964,Card,659.8248919918567
11723,1124,380,Laptop,Accessories,South,2023-03-03,3,526.9336784055504,0.06548084485601582,Cash,1477.2888478814004
11724,1088,321,Laptop,Electronics,East,2023-12-15,1,787.0519567012071,0.04927232016694633,UPI,748.2720807026036
11725,1072,229,Laptop,Accessories,East,2024-03-17,3,84.76439869597093,0.07103941037883564,UPI,236.2283573744778
11726,1067,387,Tablet,Electronics,West,2023-01-14,3,503.88676431729294,0.15075888801049667,Card,1283.7640681368318
11727,1141,307,Monitor,Electronics,West,2023-06-13,3,1238.8088139141573,0.08135333571336102,Cash,3414.082753773385
11728,1100,297,Tablet,Accessories,North,2024-02-24,4,853.2155140892244,0.28428075048231666,Cash,2442.6510696831365
11729,1097,231,Tablet,Electronics,South,2024-06-03,2,703.3446145833702,0.13915956642865426,Card,1210.934965936039
11730,1010,394,Laptop,Accessories,East,2024-10-27,1,464.0113539872424,0.017638804963391118,Card,455.8267482134624
11731,1104,394,Tablet,Electronics,West,2024-07-01,2,482.16165804746606,0.21877992175099,UPI,753.3487364570276
11732,1183,355,Phone,Accessories,East,2024-07-13,3,605.4970787063475,0.09865358646269688,Card,1637.2878608978413
11733,1066,371,Tablet,Electronics,West,2024-08-19,3,1261.5775294486125,0.19604667961747427,Card,3042.748331160587
11734,1122,278,Phone,Electronics,North,2023-01-28,2,1452.4591498719892,0.0838783111569696,Card,2661.258658712478
11735,1028,240,Tablet,Accessories,North,2024-12-08,2,686.0503029580431,0.17122312251999597,Cash,1137.1652557595555
11736,1136,262,Monitor,Accessories,East,2024-03-21,1,620.3616161842547,0.2316457514422394,Card,476.6574834373309
11737,1194,222,Monitor,Accessories,North,2023-07-27,3,1277.4986249388012,0.2784026225323662,UPI,2765.518972423042
11738,1152,303,Laptop,Accessories,East,2024-04-14,2,669.0127149226403,0.07833814332992312,UPI,1233.207001942979
11739,1075,274,Tablet,Electronics,West,2024-12-16,4,850.4263498286942,0.10045708529969434,UPI,3059.9799898513816
11740,1169,247,Phone,Accessories,South,2023-04-14,3,384.86541366817943,0.1392799260857819,Card,993.7841618985046
11741,1008,359,Phone,Accessories,North,2024-03-01,3,1128.078676879659,0.27815245132079663,Cash,2442.902482868583
11742,1039,256,Tablet,Electronics,West,2023-04-11,1,821.3830614926337,0.2704160570431971,Card,599.2678926817258
11743,1024,317,Phone,Accessories,South,2024-06-24,4,1223.1000978484954,0.026963484030191408,Card,4760.484231571328
11744,1004,299,Monitor,Accessories,South,2024-09-30,1,1182.062458541571,0.03957894772614325,UPI,1135.2776702859178
11745,1138,323,Phone,Electronics,South,2024-06-05,4,361.7569139915414,0.14865275319919147,Card,1231.9230109514226
11746,1186,360,Laptop,Accessories,West,2023-04-16,1,1087.6715483087555,0.031985781841627044,Cash,1052.881523449207
11747,1123,351,Monitor,Accessories,West,2024-11-09,4,1210.0788915294886,0.10367426200460923,UPI,4338.499421931253
11748,1037,366,Monitor,Accessories,East,2023-10-04,4,551.8554991344729,0.0445156134652433,Cash,2109.157252185335
11749,1071,233,Monitor,Accessories,South,2023-03-06,4,300.2832137082981,0.19081210653956573,Cash,971.9421645685885
11750,1132,383,Tablet,Accessories,South,2023-07-07,2,53.816625590402865,0.2848486295217485,Cash,76.9740670909831
11751,1175,355,Tablet,Accessories,South,2023-11-13,3,703.8102969850648,0.29902013108831443,Card,1480.0705491578556
11752,1089,364,Monitor,Electronics,East,2023-05-18,4,561.0274607313203,0.11257233974907443,Card,1991.4851472532544
11753,1145,206,Tablet,Accessories,South,2023-12-09,2,854.6192590468429,0.17970379113438367,Card,1402.0818764393346
11754,1197,395,Phone,Electronics,West,2023-04-15,2,322.65958425373935,0.2568802960572244,Card,479.5493894498757
11755,1036,364,Tablet,Electronics,South,2024-06-29,1,1296.515044116389,0.03523862183891519,UPI,1250.827640768307
11756,1059,255,Tablet,Electronics,North,2024-01-15,3,423.745062660759,0.2068693233155895,Card,1008.2556248694171
11757,1175,264,Monitor,Electronics,West,2023-04-20,3,378.32292737709247,0.12265309851752047,UPI,995.7613442822195
11758,1027,392,Laptop,Accessories,East,2024-06-28,1,747.0353819023161,0.06184384808404922,Cash,700.8358392305396
11759,1196,246,Laptop,Accessories,South,2023-12-20,3,773.3339844291977,0.12082608562423258,UPI,2039.6851986312795
11760,1080,347,Laptop,Accessories,North,2023-11-13,1,361.87358173838464,0.022788086089475055,Card,353.62717540422364
11761,1113,218,Phone,Electronics,East,2023-09-23,2,444.1980537525779,0.2086221445767917,UPI,703.0570063237561
11762,1039,356,Tablet,Accessories,East,2024-11-24,2,296.0725967751051,0.07582280062453592,Card,547.2470865988754
11763,1044,387,Laptop,Accessories,West,2023-03-06,4,1091.7672585685918,0.0934216935134634,Card,3959.0900494022508
11764,1061,345,Monitor,Accessories,East,2023-11-29,1,1166.6290953184186,0.03632438947243882,UPI,1124.2520056901935
11765,1092,362,Laptop,Electronics,East,2024-05-27,2,720.3763213159598,0.2593977341669675,UPI,1067.024671638129
11766,1114,370,Laptop,Electronics,East,2023-05-13,2,1085.4261828932754,0.14803328378482158,Cash,1849.4939614671189
11767,1185,325,Tablet,Accessories,East,2024-08-14,1,1117.106318309296,0.17164406333592008,Cash,925.3616506564588
11768,1066,338,Tablet,Electronics,South,2024-06-23,2,250.49951513282247,0.17082980492845637,Cash,415.413463656019
11769,1055,248,Tablet,Electronics,South,2024-06-18,3,1450.9581360100783,0.12314793436240251,Cash,3816.826916142346
11770,1039,312,Phone,Accessories,South,2024-05-10,2,1240.4963232898249,0.057758974631441834,Cash,2337.693055245062
11771,1097,237,Phone,Electronics,South,2024-09-12,1,346.5010187339441,0.22353982454951998,UPI,269.04424179992833
11772,1039,263,Laptop,Electronics,North,2024-09-10,3,319.93930183180186,0.0381168796073023,Cash,923.2326419467041
11773,1090,268,Tablet,Accessories,South,2024-10-18,3,232.20866109039497,0.031162137083643147,UPI,674.9176288844606
11774,1032,335,Laptop,Electronics,East,2024-01-04,2,250.64891568578165,0.21304351127895102,Cash,394.49958117964195
11775,1005,361,Monitor,Electronics,South,2024-10-12,4,1134.8346085916094,0.06265110613559514,Card,4254.943860329559
11776,1146,375,Monitor,Electronics,South,2023-04-09,3,730.9986725798542,0.0920318254058497,Cash,1991.1705911192314
11777,1079,315,Tablet,Electronics,West,2023-11-13,1,1185.2545504728075,0.14256824010052208,Card,1016.274895140764
11778,1167,383,Tablet,Electronics,East,2023-05-03,4,1132.0695968077978,0.13480539501886385,UPI,3917.8420304851065
11779,1091,264,Monitor,Electronics,South,2023-11-16,4,926.6884345825713,0.21257373751949976,Cash,2918.7952421090386
11780,1096,230,Tablet,Electronics,South,2024-08-15,3,1045.2315795390855,0.18702953803300829,UPI,2549.2272002411364
11781,1058,331,Phone,Electronics,South,2024-05-09,2,76.6158003497556,0.1933188486845597,Cash,123.60904407018953
11782,1058,312,Phone,Accessories,North,2024-04-01,4,502.07758786728186,0.21421629919663718,UPI,1578.0975403391133
11783,1047,308,Tablet,Accessories,South,2024-06-05,2,974.8421599261447,0.0877838182270396,Cash,1778.5335859182667
11784,1168,377,Monitor,Accessories,West,2024-06-03,3,63.55018255505409,0.0966999935401421,Cash,172.21464093751652
11785,1012,268,Laptop,Accessories,East,2024-12-17,1,97.81656833976044,0.13139932436866622,Card,84.96353734785446
11786,1106,357,Tablet,Electronics,East,2023-11-11,4,1285.2375745820557,0.09223865191005783,UPI,4666.755973273817
11787,1044,319,Tablet,Accessories,South,2024-12-09,1,1041.836049453504,0.295481360691259,UPI,733.9929159437769
11788,1088,287,Laptop,Accessories,South,2024-12-10,2,434.7861130244987,0.2442155779264289,UPI,657.2091423156703
11789,1180,386,Tablet,Electronics,South,2024-06-25,2,1047.546118172128,0.049396406476808874,UPI,1991.6022086313885
11790,1169,266,Laptop,Electronics,East,2024-04-23,1,1199.0621702519318,0.0016782467645608534,UPI,1197.049848044199
11791,1099,274,Monitor,Electronics,East,2023-01-20,3,494.8517105096468,0.012834980474180357,Card,1465.5008954029222
11792,1190,244,Phone,Electronics,North,2024-07-13,3,102.2541973738218,0.07321903531287757,Cash,284.30173105625397
11793,1154,203,Monitor,Electronics,West,2023-05-10,4,1402.529730797215,0.03428738575105696,Card,5417.76261156018
11794,1165,353,Phone,Accessories,North,2023-10-20,4,550.5107655286643,0.16000143446777162,UPI,1849.7130134165077
11795,1187,354,Laptop,Electronics,West,2023-05-12,3,204.39855676282426,0.25739856681820755,UPI,455.3599835770898
11796,1006,373,Phone,Accessories,North,2023-12-22,3,763.1924635200637,0.2210250662739682,Cash,1783.5233960722455
11797,1132,306,Monitor,Accessories,East,2023-02-23,1,1164.278303712994,0.06468271892465711,Card,1088.96961744385
11798,1044,391,Phone,Electronics,North,2024-01-22,2,371.3886061954608,0.11978977680773575,Cash,653.800095900741
11799,1057,250,Laptop,Accessories,West,2023-09-22,2,440.76057269337684,0.1523682628593833,Cash,747.2052997903602
11800,1030,249,Phone,Accessories,South,2023-08-03,4,401.9367308579456,0.24306175485100065,Card,1216.965134866156
11801,1022,205,Tablet,Electronics,West,2024-04-04,3,1487.9259266059335,0.2517364809318494,Cash,3340.0820698646835
11802,1169,258,Monitor,Accessories,South,2024-04-02,1,336.2354139092867,0.2729154935723328,Card,244.4715599657361
11803,1137,324,Tablet,Accessories,East,2023-02-12,4,884.5043146008798,0.15277357515086254,Card,2997.5017128917602
11804,1159,342,Laptop,Accessories,West,2024-08-08,1,1391.6337304025983,0.20828242393075888,UPI,1101.780883810541
11805,1106,229,Phone,Electronics,North,2023-10-05,3,263.00002487277993,0.03354011137018115,Cash,762.5369242445594
11806,1180,369,Tablet,Electronics,West,2023-05-10,3,1457.7385869081654,0.1695866879861946,UPI,3631.5765840142026
11807,1157,321,Tablet,Electronics,South,2023-12-16,3,1423.8419898736556,0.07460754284134054,Cash,3952.8379128445717
11808,1038,324,Phone,Accessories,East,2024-12-06,2,1332.6293812344807,0.12951506550798333,Cash,2320.0675992520673
11809,1158,236,Phone,Electronics,North,2024-06-27,3,361.1069559285033,0.19021515249201582,UPI,877.2568237219061
11810,1081,369,Monitor,Accessories,West,2023-04-16,4,969.3798312159258,0.07709578135613433,UPI,3578.5789427898253
11811,1099,323,Tablet,Electronics,South,2024-12-16,2,1153.2926357937981,0.015655517339028324,UPI,2270.4744858743093
11812,1001,300,Tablet,Accessories,North,2023-01-01,1,1479.740495884823,0.0030701569226272538,Card,1475.1974603576905
11813,1076,234,Laptop,Electronics,East,2024-08-06,4,311.6145420179871,0.006647860663356464,Cash,1238.1718878479037
11814,1011,286,Monitor,Electronics,North,2024-03-07,4,1160.7375543029798,0.0025049212541308984,Card,4631.319992530954
11815,1038,333,Laptop,Accessories,East,2023-11-02,1,541.2616963943137,0.033106516967362644,Cash,523.3424068588519
11816,1193,395,Tablet,Electronics,North,2024-06-10,2,304.65837507360334,0.07184661437103897,Cash,565.5394045695656
11817,1012,217,Laptop,Accessories,West,2023-02-22,4,660.9965647600897,0.06636645425468975,Card,2468.5142659297285
11818,1045,312,Tablet,Electronics,South,2024-06-03,4,1201.0620726154937,0.296038978253969,Card,3382.0035352752348
11819,1154,228,Tablet,Electronics,West,2023-11-26,4,724.0322153708756,0.09180183156268297,Cash,2630.2589275577693
11820,1112,276,Laptop,Accessories,West,2024-07-11,2,829.4084952944203,0.03822623500781973,UPI,1595.4066624716272
11821,1016,258,Laptop,Accessories,East,2023-11-21,2,1492.9811447901757,0.1636687632503274,UPI,2497.253534532619
11822,1103,374,Phone,Accessories,East,2023-04-24,2,628.7084843582677,0.2573872366192525,UPI,933.7738898604293
11823,1097,325,Phone,Electronics,East,2023-05-27,4,942.3310943283977,0.20341811303630256,UPI,3002.5755250587245
11824,1187,344,Phone,Accessories,West,2023-06-15,3,579.6040923422892,0.08882462674063508,Cash,1584.362925547922
11825,1191,308,Tablet,Electronics,North,2024-01-14,1,619.5391871766221,0.16848484793743648,UPI,515.156221433886
11826,1087,221,Laptop,Accessories,North,2023-05-19,3,1058.6790924958418,0.21445679226012274,UPI,2494.9145108589773
11827,1108,267,Monitor,Accessories,West,2024-09-20,2,1409.936115337581,0.2184313477103227,UPI,2203.9237389578725
11828,1162,268,Tablet,Accessories,West,2023-10-26,4,836.4204782138661,0.19996153658930665,Cash,2676.674216621835
11829,1069,364,Monitor,Accessories,South,2023-10-03,4,1164.1798969757308,0.2612431274326854,Card,3440.1835991821176
11830,1157,248,Laptop,Accessories,East,2023-06-27,3,179.34951028459753,0.2610316375032313,UPI,397.60084178881925
11831,1198,340,Tablet,Accessories,East,2023-12-20,3,356.17915427629407,0.173680967822101,Cash,882.9528421305898
11832,1073,361,Monitor,Electronics,West,2023-06-03,1,778.090879333322,0.12895691073336368,Cash,677.7506832646903
11833,1062,308,Monitor,Accessories,West,2023-07-20,4,79.01699926172344,0.19247108866952994,UPI,255.23404556168032
11834,1155,285,Phone,Electronics,North,2023-04-25,3,416.63971920571026,0.24546360041113893,Card,943.1095009655721
11835,1059,252,Phone,Accessories,West,2024-11-01,1,800.2318702462009,0.0016956314523554172,Card,798.8749719178342
11836,1078,322,Phone,Accessories,North,2024-07-07,2,71.69373747163604,0.29759910270445533,Card,100.71549106109674
11837,1036,286,Tablet,Accessories,West,2023-03-09,3,433.5921150277605,0.054868131698759766,Cash,1229.4051772706205
11838,1021,378,Laptop,Electronics,South,2024-03-20,2,795.3446882400108,0.14107469569799286,UPI,1366.2833567430725
11839,1195,330,Laptop,Electronics,South,2024-03-20,1,881.0664095728063,0.26160892045286,UPI,650.571577317187
11840,1147,241,Phone,Accessories,North,2023-11-22,2,1392.339954930193,0.06751211971325981,Cash,2596.680266422782
11841,1095,297,Phone,Electronics,East,2024-12-08,4,985.7511537133814,0.14303856717011496,UPI,3379.002884399726
11842,1067,359,Phone,Accessories,South,2024-08-24,4,651.366913668491,0.03977465405435375,UPI,2501.8360800594983
11843,1191,308,Monitor,Accessories,North,2024-09-14,2,1399.0092068429483,0.11852289761645778,Card,2466.3891637116394
11844,1016,250,Phone,Electronics,West,2023-12-25,4,1188.0803259123018,0.053140636437900755,UPI,4499.779925015894
11845,1011,284,Monitor,Electronics,West,2023-05-25,1,340.012935613484,0.1090883246313471,UPI,302.92149411442296
11846,1149,373,Laptop,Electronics,North,2023-10-02,4,239.72142395578865,0.1120392650378166,Cash,851.452847207853
11847,1144,326,Tablet,Electronics,East,2024-05-23,2,1029.9268718269627,0.2979512368794998,Cash,1446.11777294137
11848,1137,220,Tablet,Accessories,North,2023-06-28,2,861.8305900866266,0.29844390879113164,Card,1209.2450001308123
11849,1117,243,Tablet,Electronics,North,2024-04-21,2,1195.0267399994957,0.034435883598183725,Cash,2307.749876568312
11850,1192,338,Tablet,Electronics,South,2024-02-18,3,1121.2673226140953,0.21779063379850416,Card,2631.197405293259
11851,1021,302,Monitor,Accessories,North,2023-06-02,2,956.5567240933968,0.015523643900730343,Card,1883.4149562754435
11852,1119,267,Monitor,Electronics,North,2023-04-14,1,1480.2541488618938,0.009057604601156588,UPI,1466.8465920722813
11853,1049,328,Phone,Electronics,West,2023-03-16,4,823.7051086600926,0.03160016827348929,Card,3190.7035544748037
11854,1013,291,Monitor,Electronics,South,2023-05-08,4,214.00334692749377,0.2896456971023802,UPI,608.0727932977493
11855,1191,390,Phone,Electronics,West,2024-12-11,3,1250.996668983183,0.2822590643684092,Card,2693.67455900398
11856,1174,223,Phone,Accessories,West,2024-10-27,3,415.187375401278,0.058178346084204136,Cash,1173.09738175617
11857,1028,324,Tablet,Accessories,East,2024-07-21,1,1177.0881148086814,0.04850170066611346,Cash,1119.997339406591
11858,1163,340,Monitor,Electronics,East,2023-12-11,2,1437.8052892000744,0.0721605259547841,Cash,2668.1050066216535
11859,1179,310,Monitor,Electronics,South,2024-06-14,3,1060.3534952482948,0.15466409822254265,Card,2689.064634325788
11860,1124,297,Phone,Accessories,South,2023-06-08,4,914.2437333772116,0.17091138961062297,Card,3031.9562658516343
11861,1006,338,Phone,Electronics,East,2024-06-21,3,717.5599547288089,0.0664780291318342,UPI,2009.5739494635284
11862,1028,378,Laptop,Electronics,East,2024-03-01,3,578.3943056933347,0.22698683642698356,UPI,1341.3192361098688
11863,1138,216,Laptop,Electronics,East,2024-11-11,2,561.8568889091625,0.09286595082079523,UPI,1019.3590293907986
11864,1032,298,Phone,Electronics,East,2023-01-23,3,972.7404232789064,0.2766393976588231,UPI,2110.9262955139234
11865,1133,281,Laptop,Electronics,East,2023-02-16,1,1139.3460195597315,0.19701681193701917,Card,914.8756990929405
11866,1110,303,Laptop,Electronics,West,2024-06-08,4,1033.8497507524007,0.1309053582910835,Card,3594.0531148440414
11867,1078,351,Phone,Electronics,South,2024-12-29,2,337.69464673066597,0.2369736005108536,UPI,515.3398608433185
11868,1159,218,Phone,Electronics,West,2024-12-06,4,766.2814112080622,0.24537438781399942,Card,2313.0223161585454
11869,1178,364,Monitor,Electronics,West,2023-05-24,1,1197.8781046654412,0.08714448168268309,Card,1093.4896381153367
11870,1057,284,Phone,Accessories,North,2024-08-07,1,739.7709133741315,0.1019143631508253,Card,664.3776318601026
11871,1025,207,Phone,Accessories,West,2024-10-29,3,828.1037556164661,0.280786546118581,Card,1786.7500867472793
11872,1173,227,Tablet,Accessories,East,2024-08-11,3,1168.147269847692,0.049422311508981576,UPI,3331.2441947667394
11873,1028,204,Monitor,Electronics,East,2024-02-23,3,1008.8346940843827,0.01264512508888026,UPI,2988.2335595510503
11874,1003,344,Monitor,Electronics,North,2024-11-11,4,643.5501352794693,0.13621659678286474,Card,2223.551703970191
11875,1098,300,Monitor,Accessories,North,2023-03-26,1,1348.3484312316175,0.24036297007308866,Cash,1024.2553976073962
11876,1140,363,Tablet,Electronics,North,2024-02-20,2,285.72224956204394,0.23150043189322372,UPI,439.15485077385466
11877,1038,317,Phone,Accessories,North,2024-11-24,3,1493.4988504559708,0.27585918867384973,UPI,3244.5104078515787
11878,1014,346,Monitor,Electronics,North,2024-04-26,4,222.33623879054394,0.15996019931071206,Cash,747.0851588784578
11879,1118,263,Monitor,Accessories,West,2024-03-31,3,71.67745810114641,0.030019401469959992,UPI,208.5772311301856
11880,1028,290,Laptop,Accessories,North,2023-10-24,1,1340.527406665709,0.1766066923008048,Cash,1103.7812954359022
11881,1156,316,Monitor,Accessories,West,2023-04-22,2,405.1825871306363,0.23351868430596345,Cash,621.1297649604074
11882,1074,297,Phone,Electronics,South,2023-08-18,1,1108.0644597977453,0.02799843608094792,Card,1077.0403878465281
11883,1115,210,Phone,Accessories,North,2023-04-06,4,1225.9722936515004,0.05179722032927692,UPI,4649.881346558579
11884,1031,253,Laptop,Electronics,North,2024-11-10,3,1295.5302669965695,0.00368719834670127,Cash,3872.2601698139947
11885,1129,372,Monitor,Electronics,West,2024-01-13,1,1487.8116417130418,0.1780957738340431,Card,1222.8386760628596
11886,1174,246,Monitor,Electronics,South,2023-06-05,4,476.35757955799863,0.2660203175837713,UPI,1398.547139842173
11887,1083,339,Monitor,Electronics,West,2024-02-25,3,1079.8528457945258,0.20119899480062983,Card,2587.762616064203
11888,1021,348,Tablet,Electronics,West,2023-04-15,2,217.32979450720092,0.2946120262772946,Card,306.6036467540128
11889,1026,338,Monitor,Electronics,North,2024-12-05,1,639.8734724674316,0.01891009574992847,Cash,627.7734038352334
11890,1194,204,Phone,Electronics,East,2023-11-26,3,1279.558955303256,0.27090032554544885,UPI,2798.7780532710285
11891,1080,383,Phone,Accessories,East,2024-03-14,3,583.1041667857071,0.2442204862160042,Card,1322.0945509761711
11892,1125,219,Tablet,Accessories,West,2023-05-12,3,907.0883017766404,0.09427245614985148,Cash,2464.724578870076
11893,1183,368,Tablet,Accessories,North,2024-01-17,3,780.4714934007194,0.2920579655511755,Cash,1657.5857306022529
11894,1091,245,Monitor,Electronics,South,2023-05-18,1,986.6297201124653,0.0863813244514245,Card,901.4033381460123
11895,1020,211,Laptop,Electronics,East,2023-09-27,3,1460.6968646121577,0.26679141714846555,Card,3212.9864342338797
11896,1046,269,Tablet,Electronics,South,2024-07-03,4,130.81651342703307,0.26422457312225683,Cash,385.0063040377332
11897,1100,216,Tablet,Electronics,East,2024-01-31,1,882.2442003773631,0.22729728498089175,Card,681.7124889414506
11898,1186,314,Monitor,Accessories,North,2024-07-10,3,1301.391729912913,0.16904114214385554,Card,3244.2089565355986
11899,1083,346,Monitor,Electronics,West,2024-04-08,1,748.0049320352199,0.03600082488506642,UPI,721.0761374638539
11900,1005,353,Tablet,Accessories,South,2024-11-05,4,163.86441961528058,0.15959152034894947,Cash,550.8521910311189
11901,1146,247,Laptop,Electronics,South,2024-03-25,4,862.7820610043178,0.10703887669648036,Card,3081.7233534421657
11902,1184,307,Tablet,Accessories,West,2023-11-27,1,531.5071416945397,0.2376651099466055,Cash,405.18643842630087
11903,1196,251,Monitor,Electronics,South,2023-09-10,3,274.665588740007,0.22743876194905346,UPI,636.5879618609158
11904,1130,295,Monitor,Accessories,East,2024-11-11,3,1281.100044261036,0.27318375221178154,Cash,2793.3729816333807
11905,1000,269,Tablet,Electronics,West,2023-10-12,4,806.3192938371263,0.004449048729512362,Cash,3210.9277600291957
11906,1057,382,Laptop,Accessories,East,2023-10-01,3,1403.2507979496468,0.24273096504691383,Cash,3187.9151326814313
11907,1123,301,Tablet,Electronics,East,2023-01-20,4,1218.7239316744501,0.28153861593740065,UPI,3502.4243309641524
11908,1165,274,Tablet,Accessories,North,2023-08-27,3,1054.8091009718178,0.23679013473244503,UPI,2415.1221355070757
11909,1014,360,Monitor,Accessories,East,2023-09-27,4,57.2869798797023,0.03905833796111001,Cash,220.19778263515832
11910,1161,389,Laptop,Electronics,North,2024-02-22,2,670.3440121254624,0.02438373145226632,Cash,1307.9970475063208
11911,1188,350,Phone,Accessories,South,2023-11-06,3,336.35510839544685,0.006253571942310243,UPI,1002.755062580797
11912,1162,342,Laptop,Electronics,South,2023-01-31,3,1370.6569710208582,0.1886235677484213,Card,3336.356288962978
11913,1063,354,Tablet,Electronics,North,2023-04-14,3,303.1467777807224,0.18890179555796618,UPI,737.6454214209965
11914,1024,391,Tablet,Electronics,East,2024-11-12,1,464.78707490596395,0.29607411426546365,Cash,327.1756533811449
11915,1023,378,Tablet,Accessories,West,2023-07-05,3,799.4133132150238,0.11941295223122872,Card,2111.8590282932096
11916,1011,380,Laptop,Accessories,West,2023-05-08,1,431.8772475472149,0.09957188546924901,Card,388.87441571766914
11917,1017,281,Monitor,Electronics,North,2023-07-29,1,354.3037820547257,0.18732747815531772,Card,287.9329480615226
11918,1014,291,Tablet,Electronics,South,2024-02-18,4,918.694021398991,0.2476826017522782,UPI,2764.597983858503
11919,1026,378,Tablet,Accessories,South,2023-10-08,1,178.9478079947846,0.28103218485690057,UPI,128.65771453865713
11920,1071,374,Laptop,Accessories,West,2023-09-10,1,134.34325014534085,0.24093724985371157,UPI,101.9749569189132
11921,1059,203,Phone,Accessories,North,2023-01-19,2,589.7556780198036,0.12800219418474143,UPI,1028.5313144007175
11922,1173,334,Phone,Electronics,West,2024-12-12,3,1094.9634590364003,0.19047427059361924,Cash,2659.203278549327
11923,1144,308,Monitor,Electronics,East,2023-05-16,1,854.4697994972246,0.2568897980148351,Card,634.965225294606
11924,1092,362,Monitor,Electronics,East,2023-08-11,3,663.1708792768293,0.14718290649352184,Cash,1696.6903852890032
11925,1052,247,Tablet,Electronics,North,2023-01-03,1,870.3397681256445,0.06500599311161781,UPI,813.7624671541017
11926,1007,272,Laptop,Electronics,North,2023-08-24,4,579.9046527472467,0.05091703192436189,UPI,2201.5105161209167
11927,1078,271,Tablet,Accessories,East,2024-04-09,2,1407.4121863765638,4.732337341701864e-05,Cash,2814.691165768232
11928,1026,315,Monitor,Electronics,South,2023-08-16,1,129.61209182062277,0.21547139849438526,Card,101.68439313425051
11929,1173,372,Laptop,Accessories,North,2024-10-15,3,1026.417644593261,0.03332916265379715,Card,2976.624011897655
11930,1049,280,Laptop,Accessories,East,2024-05-13,4,1342.3598640002383,0.07315172990878212,UPI,4976.655671154013
11931,1198,280,Monitor,Electronics,East,2024-06-04,3,1215.6328276661175,0.08936289945683801,UPI,3321.0010605328753
11932,1130,312,Phone,Accessories,South,2024-12-02,4,316.8595004910978,0.1681139580410305,UPI,1054.363982882542
11933,1092,295,Phone,Electronics,South,2024-11-07,2,479.0932060214181,0.11938718318873076,UPI,843.7912353393255
11934,1191,271,Laptop,Accessories,South,2023-05-19,4,1089.7195111253018,0.20240219760694853,Card,3476.6315491934843
11935,1171,346,Tablet,Electronics,South,2023-10-03,3,172.19231081211,0.016691597798610812,Cash,507.9544380480626
11936,1180,262,Phone,Electronics,West,2023-10-18,3,1227.199464757247,0.03718175827933183,Card,3544.7100926943526
11937,1023,237,Tablet,Accessories,South,2023-02-22,1,1092.415069676946,0.14976345105998,Cash,928.811218852198
11938,1059,266,Phone,Electronics,West,2024-11-17,4,1107.9296413912468,0.10108943635404895,UPI,3983.718633692248
11939,1121,386,Phone,Accessories,North,2023-04-20,3,195.34998688800752,0.08874400882540791,UPI,534.0415377827246
11940,1130,268,Tablet,Electronics,East,2024-12-15,1,1090.7527899835347,0.020108423711256818,Cash,1068.8194707183104
11941,1147,212,Monitor,Electronics,West,2024-10-09,2,1035.7362815689564,0.26871575242440043,UPI,1514.8352547078073
11942,1045,374,Phone,Electronics,North,2023-01-04,3,1254.8376116916834,0.20754557583751523,Card,2983.204850971682
11943,1014,388,Phone,Accessories,North,2024-10-28,1,110.31413657188078,0.03648544704589481,UPI,106.28927598357382
11944,1152,230,Tablet,Accessories,West,2024-11-14,3,83.51046927829869,0.019513787321142183,UPI,245.64259122513957
11945,1198,313,Monitor,Electronics,North,2023-02-16,4,590.860294823913,0.2924617600293729,UPI,1672.225012272949
11946,1016,221,Phone,Accessories,North,2023-04-04,1,265.7430115812717,0.20435176513185146,UPI,211.43795809318476
11947,1125,292,Phone,Electronics,West,2024-07-13,4,859.6574924768217,0.12523682132812244,Card,3007.986882752481
11948,1083,370,Monitor,Accessories,North,2023-08-01,2,1380.1559071847857,0.21051931222673545,Cash,2179.212869677157
11949,1008,266,Phone,Accessories,South,2024-03-11,4,617.6456089843228,0.22689953594404771,UPI,1910.0084277116048
11950,1165,253,Monitor,Electronics,South,2024-05-22,1,1275.178047045276,0.2339886607166338,UPI,976.8008436418991
11951,1175,337,Monitor,Electronics,East,2024-10-12,3,50.34926805090639,0.1433631916959173,Card,129.3931088507255
11952,1187,241,Tablet,Electronics,North,2023-07-24,1,294.3462330158171,0.12896482743745438,Card,256.3859218680675
11953,1062,263,Laptop,Electronics,East,2024-01-16,4,94.11413249842414,0.003308425280670102,Card,375.21105169279207
11954,1116,325,Monitor,Electronics,South,2023-03-14,4,525.8134117468495,0.2779671345425514,UPI,1518.6182575181401
11955,1129,220,Tablet,Accessories,South,2024-05-30,3,1366.874913759929,0.1809923635166829,Cash,3358.4429774605724
11956,1087,393,Laptop,Accessories,South,2023-03-17,2,190.58057921853225,0.06094618115699043,Card,357.9308414249508
11957,1071,368,Phone,Electronics,North,2023-03-18,1,929.2941762785106,0.275881025826431,Card,672.9195456322668
11958,1138,351,Laptop,Electronics,North,2024-02-14,3,704.6691117231941,0.2744795705310889,Card,1533.7555097126635
11959,1063,234,Monitor,Electronics,South,2024-09-05,3,1410.778907930428,0.2967552493098288,Cash,2976.368584159458
11960,1071,383,Monitor,Accessories,East,2023-04-16,3,227.65275667878606,0.26221696894169366,UPI,503.8750225537616
11961,1020,229,Monitor,Electronics,East,2024-07-04,1,357.44038322823195,0.2993353163460194,UPI,250.44585303976675
11962,1017,256,Monitor,Electronics,West,2024-04-20,1,92.83585448666526,0.07340585643698178,UPI,86.02115908001258
11963,1063,246,Monitor,Accessories,South,2023-10-02,1,679.2061119654919,0.2526748755597702,Card,507.5877921451759
11964,1081,362,Tablet,Accessories,East,2023-03-29,2,452.8577043687487,0.24690849263872933,UPI,682.0865824064514
11965,1109,218,Monitor,Accessories,South,2024-12-23,3,1311.3636041409652,0.06928210776622012,Card,3661.5287087945158
11966,1094,313,Tablet,Accessories,East,2023-03-18,4,927.1641791367448,0.02953126470029723,Cash,3599.1353933680953
11967,1165,207,Phone,Electronics,West,2023-03-18,4,940.4315700647675,0.2938261541032799,Cash,2656.432714541311
11968,1031,225,Monitor,Accessories,West,2024-03-17,3,821.2705104778885,0.0888073654561831,UPI,2245.0069203464777
11969,1010,312,Monitor,Accessories,South,2024-06-23,4,183.18298898234144,0.2612675371403418,Card,541.2928824196749
11970,1044,270,Laptop,Electronics,East,2023-09-02,2,695.2770914017651,0.0012381464023811684,Card,1388.832473144776
11971,1032,229,Phone,Electronics,North,2024-07-31,2,1499.282525077349,0.006307442165880661,UPI,2979.6517745202163
11972,1101,334,Monitor,Electronics,West,2024-01-17,1,1261.0824717267215,0.13976139260891052,Cash,1084.831829283508
11973,1168,266,Monitor,Accessories,South,2024-12-17,1,1345.5156285423182,0.07161440518051906,Cash,1249.1573271431678
11974,1135,264,Phone,Electronics,South,2024-07-23,1,1243.6782209074242,0.20695238503078928,Cash,986.296046879784
11975,1010,235,Tablet,Accessories,East,2024-12-13,1,199.4104554749249,0.1696692976703863,Cash,165.57662354636255
11976,1178,224,Monitor,Accessories,South,2023-05-22,1,379.79996839395943,0.023245739235147434,Cash,370.9712373671562
11977,1087,236,Laptop,Accessories,West,2024-01-03,4,54.52639446679396,0.04878848889471512,UPI,207.46453630352772
11978,1040,200,Monitor,Electronics,South,2023-03-25,4,490.0896810732616,0.11641478101752428,UPI,1732.1439926886783
11979,1144,342,Laptop,Accessories,South,2023-05-23,1,207.48073340241424,0.055681219186629945,UPI,195.9279532088317
11980,1075,236,Laptop,Electronics,North,2023-12-18,2,735.5503506872953,0.23766670417317856,Cash,1121.4690461720404
11981,1120,340,Monitor,Electronics,North,2024-06-28,4,1031.834858432158,0.12482107066598401,Cash,3612.1605066086877
11982,1045,335,Monitor,Electronics,West,2023-06-01,2,1318.0326778052117,0.02802956005274978,UPI,2562.1776034223676
11983,1159,332,Laptop,Accessories,East,2023-06-07,2,1136.3648893818024,0.14530287068163744,UPI,1942.49561762561
11984,1079,387,Phone,Accessories,North,2024-03-21,3,1410.9491138788326,0.02725145431842425,Cash,4117.496095669027
11985,1053,327,Phone,Accessories,East,2024-10-14,3,128.15252107099377,0.038681191625945154,Card,369.58628653829606
11986,1085,326,Monitor,Electronics,West,2023-10-30,1,67.6607613539851,0.07188294960846159,UPI,62.797106255106435
11987,1091,200,Tablet,Accessories,North,2024-09-15,2,1008.9402650625084,0.25785831157424693,Cash,1497.5532636684336
11988,1147,363,Phone,Accessories,East,2024-10-17,4,469.56099482225704,0.27738375969989154,Cash,1357.2496026801523
11989,1160,234,Monitor,Accessories,North,2024-03-25,3,417.57647335337106,0.24787731879962072,UPI,942.2062102342085
11990,1167,393,Phone,Accessories,West,2024-12-21,3,529.7862771560017,0.10022316522535417,Card,1430.0682586994114
11991,1159,390,Tablet,Accessories,West,2023-08-12,2,441.20428394392803,0.08173393233264949,Cash,810.2858457103599
11992,1096,303,Monitor,Electronics,North,2023-02-12,3,791.5827891373016,0.16474670723707174,UPI,1983.5163933641816
11993,1001,222,Tablet,Electronics,East,2023-09-21,3,688.2152484749921,0.2165559481599337,Cash,1617.5344284100972
11994,1032,208,Monitor,Electronics,South,2023-01-03,4,793.0213994961517,0.29801183644805246,Cash,2226.7665435587955
11995,1157,233,Tablet,Electronics,South,2024-09-28,2,1025.4347366756324,0.039471213563677866,Cash,1969.9191663773895
11996,1160,373,Phone,Accessories,North,2023-09-25,3,611.339238008165,0.01478759970714133,Cash,1806.8969942136944
11997,1076,327,Phone,Electronics,East,2024-08-18,2,414.39614635612736,0.2083067666985813,Card,656.1492499526607
11998,1115,203,Tablet,Accessories,South,2023-01-16,3,290.9907783726809,0.24966773505117165,UPI,655.0193094467885
11999,1153,357,Tablet,Electronics,West,2023-11-30,4,556.7374733223071,0.25390463395992696,UPI,1661.5169957865285
